name,lastModifiedDate,trackName,artistName,albumName,trackUri,episode,localTrack,addedDate
kasƒ±m 2023,2023-11-20,√ñyle kolay a≈üƒ±k olmam,Canozan,√ñyle kolay a≈üƒ±k olmam,spotify:track:2k62KlwlLa2o7gdXvopqW6,,,2023-10-29
kasƒ±m 2023,2023-11-20,Falling In Love,Surface,"12"" Master Series Vol. 1",spotify:track:2q2xdlJHJIx7MdeWkle3iJ,,,2023-10-29
kasƒ±m 2023,2023-11-20,Popular (with Playboi Carti & Madonna) - Music from the HBO Original Series,The Weeknd,Popular,spotify:track:6WzRpISELf3YglGAh7TXcG,,,2023-10-29
kasƒ±m 2023,2023-11-20,Love Story,Sarah Cothran,Love Story,spotify:track:28iWca1I2wjlrkfiMMP0aL,,,2023-10-30
kasƒ±m 2023,2023-11-20,I Think I'm Falling for You,cowboy,MEMORIES,spotify:track:57HMPC2XM3UKQ0KFfwRTKZ,,,2023-10-30
kasƒ±m 2023,2023-11-20,Landslide,Fleetwood Mac,Fleetwood Mac,spotify:track:5ihS6UUlyQAfmp48eSkxuQ,,,2023-11-02
kasƒ±m 2023,2023-11-20,Mexican Margarita,Jacob Gurevitsch,Lovers in Paris (Deluxe),spotify:track:6h938m1GQTKroY66P4fV4c,,,2023-11-02
kasƒ±m 2023,2023-11-20,I Remember Everything (feat. Kacey Musgraves),Zach Bryan,Zach Bryan,spotify:track:4KULAymBBJcPRpk1yO4dOG,,,2023-11-02
kasƒ±m 2023,2023-11-20,Everywhere - 2017 Remaster,Fleetwood Mac,Tango In the Night,spotify:track:254bXAqt3zP6P50BdQvEsq,,,2023-11-02
kasƒ±m 2023,2023-11-20,Si No Est√°s,i√±igo quintero,Si No Est√°s,spotify:track:2HafqoJbgXdtjwCOvNEF14,,,2023-11-02
kasƒ±m 2023,2023-11-20,RagJazz,NEONE the Wonderer,RagJazz,spotify:track:7DAuQoUWFq40NBVXwWs4xU,,,2023-11-02
kasƒ±m 2023,2023-11-20,Candied Tangerines,Jon Bryant,Candied Tangerines,spotify:track:0Y54daRRFZ6hizyMFzB2mL,,,2023-11-02
kasƒ±m 2023,2023-11-20,Gimme the Beat Back,Jill Andrews,Thirties,spotify:track:7t4ERqNUFBH7KxS8y9Hz29,,,2023-11-02
kasƒ±m 2023,2023-11-20,Wild West End,Dire Straits,Dire Straits,spotify:track:6yVnpVWuT3NdhAmQe05T33,,,2023-11-02
kasƒ±m 2023,2023-11-20,Hasta Siempre,Nathalie Cardone,Servir Le Beau,spotify:track:4NluRhMkpq3gbdOY5KtCJj,,,2023-11-02
kasƒ±m 2023,2023-11-20,Ayayay,Bratia Stereo,Ayayay (feat. Tony Tonite),spotify:track:4eW1hdI2gqGCnGyJbxuypD,,,2023-11-02
kasƒ±m 2023,2023-11-20,Senza Fiato - 2001 Remaster,Mina,Italiana Vol. 2,spotify:track:7gD6o7he5P7douS6l88q5I,,,2023-11-02
kasƒ±m 2023,2023-11-20,Secrets,OneRepublic,Waking Up,spotify:track:1NhPKVLsHhFUHIOZ32QnS2,,,2023-11-02
kasƒ±m 2023,2023-11-20,Go Around,Josh Gilligan,Go Around,spotify:track:4XW24tqU4OG940MdepSQHB,,,2023-11-02
kasƒ±m 2023,2023-11-20,Goodnight Moon,Shivaree,I Oughtta Give You A Shot In The Head For Making Me Live In This Dump,spotify:track:3XpJO7x4y6MLdwo5QU2sA8,,,2023-11-02
kasƒ±m 2023,2023-11-20,I Guess We're Alright,David Blazer,I Guess We're Alright,spotify:track:2v27PbvqWPNfUKZXYrTNb7,,,2023-11-02
kasƒ±m 2023,2023-11-20,Sunrise,Norah Jones,Feels Like Home,spotify:track:7zkLpY72g6lKQbiHDqri1S,,,2023-11-08
kasƒ±m 2023,2023-11-20,Cold Little Heart - Radio Edit,Michael Kiwanuka,Cold Little Heart,spotify:track:7KX65PC1UZuImsUInThbav,,,2023-11-08
kasƒ±m 2023,2023-11-20,Love & Hate,Michael Kiwanuka,Love & Hate,spotify:track:7oOEFDLSQscl0uGulnIEmG,,,2023-11-08
kasƒ±m 2023,2023-11-20,In a Manner of Speaking,Nouvelle Vague,Nouvelle vague,spotify:track:3JaRjTNqNKiK8bWp3Dn7KB,,,2023-11-08
kasƒ±m 2023,2023-11-20,Everything I Am Is Yours,Villagers,Darling Arithmetic,spotify:track:281ioxkZbJ3p9hCvjD2bon,,,2023-11-08
kasƒ±m 2023,2023-11-20,U-Turn (Lili),AaRON,Artificial Animals Riding on Neverland,spotify:track:32PIQZMbLl1p4DE9r9cW9l,,,2023-11-20
yaz'23,2023-09-02,Yangƒ±n Akvaryum - Tekli ≈ûekli,B√ºy√ºk Ev Ablukada,Yangƒ±n Akvaryum - Tekli ≈ûekli,spotify:track:4JzjmZe4VjbpKLjoAkMuKH,,,2023-07-30
yaz'23,2023-09-02,Empire State Of Mind,JAY-Z,The Blueprint 3,spotify:track:2igwFfvr1OAGX9SKDCPBwO,,,2023-07-30
yaz'23,2023-09-02,Homecoming,Kanye West,Graduation,spotify:track:4iz9lGMjU1lXS51oPmUmTe,,,2023-07-30
yaz'23,2023-09-02,Bir R√ºya G√∂rd√ºm,Elif Doƒüan,A≈ük Tesad√ºfleri Sever 2,spotify:track:1kMvupJZrKRXtdjo9zGmNN,,,2023-07-30
yaz'23,2023-09-02,Ben B√∂yleyim,Athena,Ben B√∂yleyim,spotify:track:7aBKX9bD1PYtDsc8xdrcAA,,,2023-07-30
yaz'23,2023-09-02,Raf,Deeperise,Raf,spotify:track:1jStctxoCQu67sVWxzatLC,,,2023-07-30
yaz'23,2023-09-02,We Can't Stop,Miley Cyrus,Bangerz (Deluxe Version),spotify:track:2y4lAQpi5VTNLu2ldeTdUH,,,2023-07-30
yaz'23,2023-09-02,Popular (with Playboi Carti & Madonna) - Music from the HBO Original Series,The Weeknd,Popular,spotify:track:6WzRpISELf3YglGAh7TXcG,,,2023-08-01
yaz'23,2023-09-02,Tum Rakak,Deluxe,Stachelight,spotify:track:2C2SY9l26IT3guKqQoMMSr,,,2023-08-02
yaz'23,2023-09-02,Flowers In Love,Napoli Underground,Flowers In Love,spotify:track:6JpEGP8G8hxYp3S1eVp3v5,,,2023-08-21
yaz'23,2023-09-02,Today,Jefferson Airplane,Surrealistic Pillow,spotify:track:0yLfXULLuRtVj2L4DIrwO7,,,2023-08-30
yaz'23,2023-09-02,Gimme Shelter,The Rolling Stones,Let It Bleed,spotify:track:6H3kDe7CGoWYBabAeVWGiD,,,2023-09-02
2023,2023-06-08,Nothing but Everything,Jon and Roy,The Road Ahead Is Golden,spotify:track:3hJXozrnaOCE2xviRb7KJY,,,2023-03-22
2023,2023-06-08,The Love,Dekker,Slow Reveal: Chapter One,spotify:track:1WWF1IGjA7VjAFjnpaNoRI,,,2023-03-22
2023,2023-06-08,Life Is Coming Back to Me,Michelle Gurevich,Ecstasy in the Shadow of Ecstasy,spotify:track:0oC5kAtuOtu6Q1XysfE3gu,,,2023-04-06
2023,2023-06-08,Small Wins,Dekker,I Won't Be Your Foe,spotify:track:6Ziqm3xX16viUIovvXY5ew,,,2023-04-09
2023,2023-06-08,Rising Sun,Jon and Roy,Know Your Mind,spotify:track:3pEnh64tQcPwZs9pLvFPTI,,,2023-04-09
2023,2023-06-08,Bouncy Castle,Dino BrandƒÅo,Bouncy Castle,spotify:track:3nBYnFa6ZVj2q2dAXUI9XP,,,2023-04-09
2023,2023-06-08,Jolene,Dolly Parton,Jolene,spotify:track:2SpEHTbUuebeLkgs9QB7Ue,,,2023-04-09
2023,2023-06-08,Sweet Caroline,Neil Diamond,Sweet Caroline,spotify:track:62AuGbAkt8Ox2IrFFb8GKV,,,2023-04-09
2023,2023-06-08,Ease Your Feet in the Sea,Belle and Sebastian,The Boy With the Arab Strap,spotify:track:5xb2LIv7SFiO1pwWaSqJ8Z,,,2023-05-23
2023,2023-06-08,"Get Me Away from Here, I'm Dying",Belle and Sebastian,If You're Feeling Sinister,spotify:track:0xBH1GysY7fy6RJjX8hW5R,,,2023-05-24
2023,2023-06-08,Ships,Wallners,Ships,spotify:track:2epKivPKVeRUsP7TZczwpz,,,2023-05-27
2023,2023-06-08,Holding a Monument,Herman D√ºne,Mariage √† Mendoza,spotify:track:45Ml0gSSRDMH6BqMSNsahp,,,2023-05-27
2023,2023-06-08,Dance with Me,Nouvelle Vague,Bande √† Part,spotify:track:0V2dNFjc2Lum1dhhxc3D0d,,,2023-05-28
2023,2023-06-08,One Time,Charlie Bethel,Vintage Soul Remixed,spotify:track:4paukPa8ASFvHGEuIoHFMt,,,2023-06-08
fall,2023-01-03,Caf√©,Franco & le T.P OK Jazz,Franco et le TP OK Jazz 1967-1968,spotify:track:7nTFHqsjXJhbCc7FzcxPMh,,,2022-10-29
fall,2023-01-03,Heart & Soul,Roseaux,Roseaux II,spotify:track:4CGtfGtkS2mCcedBqFq75i,,,2022-10-29
fall,2023-01-03,Back on My Feet,Kimberose,Out,spotify:track:3qnd4BIjwJtIwjhrAQOppE,,,2022-10-29
fall,2023-01-03,Need Your Love,Curtis Harding,Face Your Fear,spotify:track:3zYQ1KXzqBWRsxIqdVMoYF,,,2022-10-29
fall,2023-01-03,Our Love (From the series Arcane League of Legends),Curtis Harding,Our Love (From the series Arcane League of Legends),spotify:track:4OiGC4aSeZV2O71xKl6ssk,,,2022-10-29
fall,2023-01-03,"Hallelujah, I Love Her So",Ray Charles,"Ray Charles (aka: Hallelujah, I Love Her So)",spotify:track:5P11rW6aJErF37MTfRZS31,,,2022-10-29
fall,2023-01-03,"Good, Better, Best",Swamp Dogg,Sorry You Couldn't Make It,spotify:track:5xJ2iRDQ7jKJl2DLsYJPYD,,,2022-10-29
fall,2023-01-03,For Once In My Life,Stevie Wonder,For Once In My Life,spotify:track:4kP69y3GKHi9tXckfgp4bK,,,2022-10-29
fall,2023-01-03,Lovely Day,Bill Withers,Menagerie,spotify:track:0bRXwKfigvpKZUurwqAlEh,,,2022-10-29
fall,2023-01-03,Sunny,Marvin Gaye,Essential Motown - Northern Soul,spotify:track:6IFSPx3lqkw0ri4OJkTkLl,,,2022-10-30
fall,2023-01-03,Jealous Guy,Donny Hathaway,Someday We'll All Be Free,spotify:track:4ZMofBIe1948b23GZJriAd,,,2022-10-30
fall,2023-01-03,Take Yo' Praise,Camille Yarbrough,The Iron Pot Cooker,spotify:track:2c4zwlPMc5dHS3Kg6oeUjk,,,2022-10-30
fall,2023-01-03,Have You Ever Seen The Rain,Creedence Clearwater Revival,Pendulum,spotify:track:2LawezPeJhN4AWuSB0GtAU,,,2022-10-30
fall,2023-01-03,Carina,James Hunter,The Hard Way,spotify:track:6a8nUWZZWcjWn12SA7V5Iq,,,2022-10-30
fall,2023-01-03,Sunny,Bobby Hebb,Sunny,spotify:track:4vju55Ag7apDL2CfotuE7Q,,,2022-10-30
fall,2023-01-03,If You Want Me to Stay,Sly & The Family Stone,Fresh,spotify:track:2BydLQAh7CUIFvSEqAMc4x,,,2022-10-30
fall,2023-01-03,3:45/buslane,lavender,3:45/buslane,spotify:track:5bvnL42xbgE6GE1Sqc8DcG,,,2022-11-02
fall,2023-01-03,Part-Time Lover,Stevie Wonder,In Square Circle,spotify:track:0Dm43YLUlGdePpSbI1ct8h,,,2022-11-07
fall,2023-01-03,Let Me Love You,Awa Ly,Five and a Feather,spotify:track:2TKK4wZWXVAkaB6TJs45rp,,,2022-11-07
fall,2023-01-03,Change,Lipka,Grande giocatore,spotify:track:4BOdCKuO8W8OwSuFdUxVop,,,2022-11-07
2022,2022-06-17,WHERE WE ARE,The Lumineers,BRIGHTSIDE,spotify:track:4MTmAFWHpvB9kPMSRgLFRp,,,2022-02-11
2022,2022-06-17,Unknown Song,Milky Chance,Unknown Song,spotify:track:2zR85boqjMOKPygjdDbGbC,,,2022-02-11
2022,2022-06-17,Lights Out_Demo,Milky Chance,Trip Tape,spotify:track:0IuTdfzNpHNBoLyMotxuFi,,,2022-02-11
2022,2022-06-17,Stay,Ben L'Oncle Soul,Stay,spotify:track:1tuhxHYZTrfefeO5zqfFSm,,,2022-02-11
2022,2022-06-17,Save a Little Love for Me,Club des Belugas,Forward,spotify:track:03SNyUzycOZ2QvhpIPbKyA,,,2022-02-11
2022,2022-06-17,Somewhere Over The Rainbow_What A Wonderful World,Israel Kamakawiwo'ole,Facing Future,spotify:track:25U7raB3ZSszayTYClh4hF,,,2022-02-11
2022,2022-06-17,People Are Strange,The Doors,Strange Days,spotify:track:1Jmqubf9kGkWeYQXQKImL5,,,2022-02-11
2022,2022-06-17,Island,Roseaux,Roseaux II,spotify:track:2essWrxdQMLmcHz6ZPLuoB,,,2022-03-21
2022,2022-06-17,Sparrow,The Cat Empire,Sparrow,spotify:track:410JCHQUhu01oRIn7RlHqX,,,2022-03-21
2022,2022-06-17,Cabriolet,Mar Malade,MAR Malade,spotify:track:6jWxuwUCjWSMfoxOTanX1O,,,2022-03-21
2022,2022-06-17,Clocks,Mar Malade,Clocks,spotify:track:3MnfasLZZPbuzowQtifkcQ,,,2022-03-21
2022,2022-06-17,Mexico,Mar Malade,MAR Malade,spotify:track:3z6Xfoc4LyHtElmcHmtK2J,,,2022-03-23
2022,2022-06-17,Here Before,Coyote Island,Here Before,spotify:track:5of3JBk08zfK8sMe6OzN8a,,,2022-03-23
2022,2022-06-17,Tainted Love,Milky Chance,Trip Tape,spotify:track:1wAPbQ5XjbZqPl0WDl5mHH,,,2022-03-23
2022,2022-06-17,Going to Live,The Cat Empire,Going to Live,spotify:track:5uFDTvwZrHTH0y7oYirkwv,,,2022-03-23
2022,2022-06-17,Maybe October,Dekker,Maybe October,spotify:track:4TkGiH6W0MYjPpLgy11sP9,,,2022-04-11
2022,2022-06-17,Dream A Little Dream Of Me,The Mamas & The Papas,The Papas & The Mamas,spotify:track:27hhIs2fp6w06N5zx4Eaa5,,,2022-04-13
2022,2022-06-17,WAIT FOR U (feat. Drake & Tems),Future,I NEVER LIKED YOU,spotify:track:59nOXPmaKlBfGMDeOVGrIK,,,2022-05-06
2022,2022-06-17,About Damn Time,Lizzo,About Damn Time,spotify:track:1PckUlxKqWQs3RlWXVBLw3,,,2022-05-06
2022,2022-06-17,Killing Me Softly with His Song,Nancy Sinatra,Shifting Gears,spotify:track:4KEvtk10zeO3saXqKsKd1N,,,2022-06-17
spor,2023-10-01,Suspus,Ceza,Suspus,spotify:track:1JvUmKSl9Mg6mQnmbjLYyz,,,2021-11-18
spor,2023-10-01,Makina,UZI,Kan,spotify:track:5jvhTc0g18kwYQNUJM5C4e,,,2021-11-18
spor,2023-10-01,Boss Bitch,Doja Cat,Boss Bitch,spotify:track:78qd8dvwea0Gosb6Fe6j3k,,,2021-11-18
spor,2023-10-01,Hotline Bling,Drake,Views,spotify:track:0wwPcA6wtMf6HUMpIRdeP7,,,2021-11-18
spor,2023-10-01,One Dance,Drake,Views,spotify:track:1zi7xx7UVEFkmKfv06H8x0,,,2021-11-18
spor,2023-10-01,Goosebumps,HVME,Goosebumps,spotify:track:20McUFi8KCIVdNDLrkTDuZ,,,2021-11-18
spor,2023-10-01,Take My Breath - Single Version,The Weeknd,Take My Breath,spotify:track:6OGogr19zPTM4BALXuMQpF,,,2021-11-18
spor,2023-10-01,Physical,Dua Lipa,Future Nostalgia,spotify:track:3AzjcOeAmA57TIOr9zF1ZW,,,2021-11-18
spor,2023-10-01,Prisoner (feat. Dua Lipa),Miley Cyrus,Prisoner (feat. Dua Lipa),spotify:track:5JqZ3oqF00jkT81foAFvqg,,,2021-11-18
spor,2023-10-01,Levitating (feat. DaBaby),Dua Lipa,Levitating (feat. DaBaby),spotify:track:463CkQjx2Zk1yXoBuierM9,,,2021-11-18
spor,2023-10-01,Up,Cardi B,Up,spotify:track:1XXimziG1uhM0eDNCZCrUl,,,2021-11-18
spor,2023-10-01,Don't Go Yet,Camila Cabello,Don't Go Yet,spotify:track:1058fW9H3fZA6QjYCdOBad,,,2021-11-18
spor,2023-10-01,Dynamite,Sean Paul,Dynamite,spotify:track:0fQfJFfngYfG26560HLMLN,,,2021-11-18
spor,2023-10-01,SICKO MODE,Travis Scott,ASTROWORLD,spotify:track:2xLMifQCjDGFmkHkpNLD9h,,,2021-11-18
spor,2023-10-01,HIGHEST IN THE ROOM,Travis Scott,HIGHEST IN THE ROOM,spotify:track:3eekarcy7kvN4yt5ZFzltW,,,2021-11-18
spor,2023-10-01,NO BYSTANDERS,Travis Scott,ASTROWORLD,spotify:track:6OaVWaGfhXn70ZJfdVcabn,,,2021-11-18
spor,2023-10-01,HOUSTONFORNICATION,Travis Scott,ASTROWORLD,spotify:track:58TaFP5j5i9swOf584yon2,,,2021-11-18
spor,2023-10-01,BUTTERFLY EFFECT,Travis Scott,ASTROWORLD,spotify:track:2cYqizR4lgvp4Qu6IQ3qGN,,,2021-11-18
spor,2023-10-01,Knife Talk (with 21 Savage ft. Project Pat),Drake,Certified Lover Boy,spotify:track:2BcMwX1MPV6ZHP4tUT9uq6,,,2021-11-18
spor,2023-10-01,Bad Man (Smooth Criminal),Polo G,Bad Man (Smooth Criminal),spotify:track:6RfhBNU1FPWTG7VESlfgOl,,,2021-11-18
spor,2023-10-01,edamame,bbno$,eat ya veggies,spotify:track:5rW7qTn83sCKtqBoneJs63,,,2021-11-18
spor,2023-10-01,Woman,Doja Cat,Planet Her,spotify:track:6Uj1ctrBOjOas8xZXGqKk4,,,2021-11-18
spor,2023-10-01,Dior,Pop Smoke,Meet The Woo,spotify:track:79s5XnCN4TJKTVMSmOx8Ep,,,2022-02-11
spor,2023-10-01,Hello (feat. A Boogie Wit da Hoodie),Pop Smoke,Shoot For The Stars Aim For The Moon,spotify:track:2r6OAV3WsYtXuXjvJ1lIDi,,,2022-02-11
spor,2023-10-01,Killing Strangers,Marilyn Manson,The Pale Emperor,spotify:track:2naBVHNHinneXOYmczG7xE,,,2022-02-11
spor,2023-10-01,Best Friend (feat. Doja Cat),Saweetie,Best Friend (feat. Doja Cat),spotify:track:2etHQJxIbV0soyPhelVs9Y,,,2022-02-11
spor,2023-10-01,Memories (feat. Kid Cudi) - 2021 Remix,David Guetta,Memories (feat. Kid Cudi),spotify:track:59o6ojGNGJOYiVJSzC6Lsa,,,2022-04-03
spor,2023-10-01,Spicy (feat. Post Malone),Ty Dolla $ign,Featuring Ty Dolla $ign,spotify:track:5IUtvfNvOyVYZUa6AJFrnP,,,2022-10-13
spor,2023-10-01,Laugh Now Cry Later (feat. Lil Durk),Drake,Laugh Now Cry Later (feat. Lil Durk),spotify:track:2SAqBLGA283SUiwJ3xOUVI,,,2022-10-13
spor,2023-10-01,"Whats Poppin (feat. DaBaby, Tory Lanez & Lil Wayne) [Remix] - Bonus Track",Jack Harlow,Thats What They All Say,spotify:track:0ZLuW8uOXdFNWcI40C0OC2,,,2022-10-13
spor,2023-10-01,APESHIT,The Carters,EVERYTHING IS LOVE,spotify:track:62GXGpd73vslqIBHq8XqOx,,,2023-10-01
spor,2023-10-01,Nonstop,Drake,Scorpion,spotify:track:0TlLq3lA83rQOYtrqBqSct,,,2023-10-01
spor,2023-10-01,I Was Made For Lovin' You,KISS,Dynasty,spotify:track:07q0QVgO56EorrSGHC48y3,,,2023-10-01
spor,2023-10-01,The Monster,Eminem,The Marshall Mathers LP2,spotify:track:48RrDBpOSSl1aLVCalGl5C,,,2023-10-01
spor,2023-10-01,Levitating (feat. DaBaby),Dua Lipa,Future Nostalgia,spotify:track:5nujrmhLynf4yMoMtj8AQF,,,2023-10-01
spor,2023-10-01,7/11,Beyonc√©,BEYONC√â [Platinum Edition],spotify:track:02M6vucOvmRfMxTXDUwRXu,,,2023-10-01
spor,2023-10-01,Toxic,Britney Spears,In The Zone,spotify:track:6I9VzXrHxO9rA9A5euc8Ak,,,2023-10-01
spor,2023-10-01,Up,Cardi B,Up,spotify:track:1M4OcYkxAtu3ErzSgDEfoi,,,2023-10-01
spor,2023-10-01,Don't Stop The Music,Rihanna,Good Girl Gone Bad: Reloaded,spotify:track:0ByMNEPAPpOR5H69DVrTNy,,,2023-10-01
spor,2023-10-01,Rabiosa (feat. Pitbull),Shakira,Sale el Sol,spotify:track:2Xh7dyCHCErCv3PmdVEGw4,,,2023-10-01
spor,2023-10-01,Can't Remember to Forget You (feat. Rihanna),Shakira,Shakira. (Expanded Edition),spotify:track:2Sh4sAOfnSHEVKFyysxzat,,,2023-10-01
spor,2023-10-01,Break My Heart,Dua Lipa,Future Nostalgia,spotify:track:017PF4Q3l4DBUiWoXk4OWT,,,2023-10-01
spor,2023-10-01,Survivor,Destiny's Child,Survivor,spotify:track:2Mpj1Ul5OFPyyP4wB62Rvi,,,2023-10-01
spor,2023-10-01,My Number One,Helena Paparizou,My Number One,spotify:track:6LkCvCc9oFoLDv4DLhzTox,,,2023-10-01
spor,2023-10-01,Scream & Shout,will.i.am,#willpower,spotify:track:2iJuuzV8P9Yz0VSurttIV5,,,2023-10-01
spor,2023-10-01,Wannabe,Spice Girls,Spice,spotify:track:1Je1IMUlBXcx1Fz0WE7oPT,,,2023-10-01
2021,2021-09-04,bye bye,Oscar Anton,September Pack,spotify:track:02q60trEKaNAa9oZbGFBW0,,,2021-01-01
2021,2021-09-04,Gnat,Eminem,Music To Be Murdered By - Side B,spotify:track:6cS9PmLky2NhLOhpIsUlow,,,2021-01-01
2021,2021-09-04,Where To Start,Lou Doillon,Where To Start,spotify:track:4ZioWyEruAl2EDFJf06KUn,,,2021-01-01
2021,2021-09-04,Wonderful Life,Katie Melua,Ultimate Collection,spotify:track:1C0bWhNWIF3yBdjNh4GlCT,,,2021-01-01
2021,2021-09-04,Serenade,Steve Miller Band,Fly Like An Eagle,spotify:track:47dR6QIu5KfWhedEwnYhfE,,,2021-01-01
2021,2021-09-04,Heaven To Me,Theo Lawrence and The Hearts,Homemade Lemonade,spotify:track:7zLLfhhAUeXh8i4pKKcg46,,,2021-01-01
2021,2021-09-04,Last Mistake,Jacinthe,Hugo,spotify:track:604glMIJpkPBcfAS0NjKBy,,,2021-01-01
2021,2021-09-04,Middle of the Bed,Lucy Rose,Like I Used To (Deluxe Edition),spotify:track:14pqO5S2mQ7Lw2Qjcyv4Fq,,,2021-01-01
2021,2021-09-04,R√ºzgar,Bulutsuzluk √ñzlemi,Zamska,spotify:track:6xvezv5qhJgsN83bUQ0mJa,,,2021-01-01
2021,2021-09-04,"Lemonade (feat. Gunna, Don Toliver & NAV)",Internet Money,B4 The Storm,spotify:track:7hxHWCCAIIxFLCzvDgnQHX,,,2021-01-01
2021,2021-09-04,What You Know Bout Love,Pop Smoke,Shoot For The Stars Aim For The Moon,spotify:track:1tkg4EHVoqnhR6iFEXb60y,,,2021-01-01
2021,2021-09-04,For The Night (feat. Lil Baby & DaBaby),Pop Smoke,Shoot For The Stars Aim For The Moon,spotify:track:0PvFJmanyNQMseIFrU708S,,,2021-01-01
2021,2021-09-04,Dreams - 2004 Remaster,Fleetwood Mac,Rumours,spotify:track:0ofHAoxe9vBkTCp2UQIavz,,,2021-01-01
2021,2021-09-04,Sweater Weather,The Neighbourhood,I Love You.,spotify:track:2QjOHCTQ1Jl3zawyYOpxh6,,,2021-01-01
2021,2021-09-04,Twist in My Sobriety,Tanita Tikaram,Ancient Heart,spotify:track:6wWlaSxOrBizAcpqkuv1FJ,,,2021-01-08
2021,2021-09-04,Love's a Stranger,Warhaus,Warhaus,spotify:track:279LczresTWVkCsdLwgJSZ,,,2021-01-11
2021,2021-09-04,Way Out (feat. Big Sean),Jack Harlow,Thats What They All Say,spotify:track:57VeLYXrvNxe8Vs18K2M9W,,,2021-01-13
2021,2021-09-04,Texas Sun,Khruangbin,Texas Sun,spotify:track:3k5oLgungD1dSOGLqQdIQw,,,2021-01-15
2021,2021-09-04,The Unfold,Deniz Ta≈üar,The Unfold,spotify:track:3cIrre7cmXg856xAUOFc2a,,,2021-01-16
2021,2021-09-04,Patience,Guns N' Roses,G N' R Lies,spotify:track:7D5n2kpYH2WSqIyEO9MeXf,,,2021-01-18
2021,2021-09-04,Always,Isak Danielson,Yours,spotify:track:2bdCO4UTMX1ennK2I4rFpD,,,2021-01-21
2021,2021-09-04,En G√ºzel Ya≈üƒ±mdƒ± - Akustik,≈ûekersiz,En G√ºzel Ya≈üƒ±mdƒ±,spotify:track:1Pom8Edqt17mxZ2n7zYqB2,,,2021-01-22
2021,2021-09-04,Love Train,Louisiana Avenue,Love Train,spotify:track:4owUlfS5ZETHcbc50ApIhN,,,2021-01-22
2021,2021-09-04,Make You Feel My Love,Ane Brun,Leave Me Breathless,spotify:track:1BqUPu4AIJDJTox0gphQE6,,,2021-01-22
2021,2021-09-04,Morning Sun,Melody Gardot,Currency Of Man,spotify:track:7aoJg1wQEqMx1t875H5fww,,,2021-01-22
2021,2021-09-04,Some Needs,Rover,Let It Glow,spotify:track:1A8v1TY2XzfFKdcSeebVbS,,,2021-01-22
2021,2021-09-04,Dance While You Can,Michelle Gurevich,New Decadence,spotify:track:5jGQGGnoZjezNqLZqnEtsH,,,2021-01-22
2021,2021-09-04,Overrated - Live,Ivo Dimchev,Overrated (Live),spotify:track:080NI5Stas3KghDnd9xwMa,,,2021-01-22
2021,2021-09-04,Love from a Distance,Michelle Gurevich,Love from a Distance,spotify:track:27f3eO5Pmkr5Pa258NPPJM,,,2021-01-22
2021,2021-09-04,Fall in Love With Me,Warhaus,Warhaus,spotify:track:5K4rOUPd3pXPZyeAZAb6dz,,,2021-01-22
2021,2021-09-04,Perfect Blue,Elle Valenci,Perfect Blue,spotify:track:0u834tjHl0zB9xdPO5KrQX,,,2021-01-22
2021,2021-09-04,All Is Reborn,Annie Burnell,All Is Reborn,spotify:track:477j7fkNDZo4FSd5iapqfM,,,2021-01-22
2021,2021-09-04,Indigo Night - Live at Ancienne Belgique,Tamino,Live at Ancienne Belgique,spotify:track:6pLqeVK2p4Le4XlrOhhtcP,,,2021-01-22
2021,2021-09-04,Yollar,Pinhani,Mirkelam ≈ûarkƒ±larƒ±,spotify:track:4PCdoXzdpRTTym8qf9iMEa,,,2021-01-29
2021,2021-09-04,Bunker,Balthazar,Thin Walls,spotify:track:7fhzES2ZyvdaD7jSwFOZrR,,,2021-01-30
2021,2021-09-04,I'm Never Gonna Let You Down Again,Balthazar,Fever,spotify:track:0qeEE0yWCSKay2Bd9kHktS,,,2021-01-30
2021,2021-09-04,Do Not Claim Them Anymore,Balthazar,Rats,spotify:track:4UshS2R3hNsOrVtxlDF7cx,,,2021-01-30
2021,2021-09-04,Borderline,Tame Impala,The Slow Rush,spotify:track:5hM5arv9KDbCHS0k9uqwjr,,,2021-01-30
2021,2021-09-04,"Walzer, No. 2",Dmitri Shostakovich,Europe a symphonic vision by Christian Kolonovits,spotify:track:07JOG5CVIvp5uHIFCl56BY,,,2021-02-01
2021,2021-09-04,Prison Song,Graham Nash,Wild Tales,spotify:track:0m25wKgDxPYiG90PFtXyeC,,,2021-02-10
2021,2021-09-04,Moment,Balthazar,Sand,spotify:track:2bThGYFKVCo2Dd7UWCC4hk,,,2021-02-27
2021,2021-09-04,Sweet Like Brandy,Kwamie Liv,Lovers That Come and Go,spotify:track:13BHFlLGK9RS6ua5dKm2w0,,,2021-03-07
2021,2021-09-04,Brother Love's Travelling Salvation Show,Neil Diamond,Brother Love's Travelling Salvation Show,spotify:track:39S2xu12I1IwMVqSvoORSh,,,2021-03-16
2021,2021-09-04,Heard Somebody Whistle,Jay-Jay Johanson,Kings Cross,spotify:track:740zSgBv6PHOGAw04Ta2J2,,,2021-03-22
2021,2021-09-04,Runaway,Qaayel,Kyle,spotify:track:3gfPPvvjmjezxz9A4hwhHC,,,2021-04-13
2021,2021-09-04,Sacrifice (feat. Jessie Reyez),Black Atlass,Fifty Shades Freed,spotify:track:4LbfLqheRZesqH794Avpd9,,,2021-04-20
2021,2021-09-04,Astronaut In The Ocean,Masked Wolf,Astronaut In The Ocean,spotify:track:3VT8hOC5vuDXBsHrR53WFh,,,2021-04-25
2021,2021-09-04,The Road To Mandalay,Robbie Williams,Sing When You're Winning,spotify:track:2HEQUu0ydMFIp6JDvCHFzZ,,,2021-05-09
2021,2021-09-04,Losing Touch,Michelle Gurevich,Losing Touch,spotify:track:35WaC2O7dr357AbDSv7o1v,,,2021-05-12
2021,2021-09-04,Pretty Little Lies,Andy Powell,Pretty Little Lies,spotify:track:2VLCyzJJ55LK5pYmRaP2to,,,2021-05-13
2021,2021-09-04,Next Thing (Loverboy),Surfaces,Next Thing (Loverboy),spotify:track:3pKgOC7tlm4W0sCDLWPuPE,,,2021-05-14
2021,2021-09-04,JUVENILE,Ril√®s,JUVENILE,spotify:track:3UPhUkl6fceW8YZwjQyX7L,,,2021-05-16
2021,2021-09-04,Fall in Love Again,Rag'n'Bone Man,Life By Misadventure,spotify:track:0NYDzkF0yDl5eZD0zK12lx,,,2021-05-17
2021,2021-09-04,SUN GOES DOWN,Lil Nas X,SUN GOES DOWN,spotify:track:34eF4BoV8FPk0uhAAoqU7h,,,2021-05-20
2021,2021-09-04,DAYS ON THE WALL,Ril√®s,DAYS ON THE WALL,spotify:track:6eSi6TajniJDI7Y62f1Z75,,,2021-05-30
2021,2021-09-04,m y . l i f e (with 21 Savage & Morray),J. Cole,The Off-Season,spotify:track:1D3z6HTiQsNmZxjl7F7eoG,,,2021-05-30
2021,2021-09-04,Violence,TENDER,Violence,spotify:track:6nsZRuV1jxBWXNLOSCZERI,,,2021-07-20
2021,2021-09-04,If It's Love,Sting,If It's Love,spotify:track:0pPt7BzRUrYLiSdFrjN7QA,,,2021-09-02
2021,2021-09-04,Leaving Antwerp,Balthazar,Sand,spotify:track:0yzy8mHNNbcZfj6BAkcNxa,,,2021-09-04
üåä,2023-06-19,Can't Take My Eyes off You,Frankie Valli,The Very Best of Frankie Valli & The 4 Seasons,spotify:track:6ft9PAgNOjmZ2kFVP7LGqb,,,2020-09-14
üåä,2023-06-19,Sus Duymasƒ±n,H√ºmeyra,Anlatamƒ±yorum,spotify:track:5MThzgy2U90WpChjsNEXW3,,,2020-09-27
üåä,2023-06-19,Who by Fire,Leonard Cohen,New Skin For The Old Ceremony,spotify:track:1JZ2NQMaA9oy4UeTI4oQcP,,,2020-09-27
üåä,2023-06-19,She - Tous les visages de l‚Äôamour,Charles Aznavour,Greatest Golden Hits,spotify:track:2OxkfL5jW8bvYTCNDLlRSY,,,2020-09-27
üåä,2023-06-19,Bella Luna,Jason Mraz,Mr. A-Z,spotify:track:01pgHbtziFmLnaIdTbz3FK,,,2020-09-27
üåä,2023-06-19,1973,James Blunt,All the Lost Souls,spotify:track:1BV0m40U0M4t1SLIsDnwZl,,,2020-09-27
üåä,2023-06-19,"City Of Stars - From ""La La Land"" Soundtrack",Ryan Gosling,La La Land,spotify:track:6s9LhJVqxnTjmUJHOeawnU,,,2020-09-27
üåä,2023-06-19,Reloading My Mind,Karsu,Karsu,spotify:track:4zvluMaWTXLLhWhxe6F1E1,,,2020-09-27
üåä,2023-06-19,Changes,Balthazar,Fever,spotify:track:1kG6r8UcvaByJL5kIWPtL9,,,2020-09-27
üåä,2023-06-19,"Voyage, voyage",Desireless,More Love & Good Vibrations,spotify:track:2Qp6cFHutloELLkfFcTRJu,,,2020-09-27
üåä,2023-06-19,Michelle - Remastered 2009,The Beatles,Rubber Soul,spotify:track:5By7Pzgl6TMuVJG168VWzS,,,2020-09-27
üåä,2023-06-19,Ben Sana Vurgunum,N√ºkhet Duru,N√ºkhet Duru Klasikleri,spotify:track:14GcLsc9WELDLqxXQSiGkE,,,2020-09-27
üåä,2023-06-19,Famous Blue Raincoat,Leonard Cohen,Songs Of Love And Hate,spotify:track:77K5TB5KZmDZCoJCdd1NvE,,,2020-10-18
üåä,2023-06-19,Fly Me To The Moon (In Other Words),Frank Sinatra,Sinatra/Basie: The Complete Reprise Studio Recordings,spotify:track:5b7OgznPJJr1vHNYGyvxau,,,2020-10-18
üåä,2023-06-19,Can't Help Falling in Love,Elvis Presley,Blue Hawaii,spotify:track:44AyOl4qVkzS48vBsbNXaC,,,2020-10-18
üåä,2023-06-19,I Say a Little Prayer,Aretha Franklin,Aretha Now,spotify:track:3NfxSdJnVdon1axzloJgba,,,2020-10-18
üåä,2023-06-19,Ben B√∂yleyim,Ayten Alpman,Ayten Alpman Klasikleri,spotify:track:2VZ59UciMplV9V34o4vIkl,,,2021-02-11
üåä,2023-06-19,She,Elvis Costello,In Motion Pictures,spotify:track:31Tp5iKrVUayn65qhg06nE,,,2023-06-19
üß°,2022-02-11,Million Years Ago,Adele,25,spotify:track:7HRKXaKzzApunJUIOjMAup,,,2020-05-08
üß°,2022-02-11,If the World Was Ending (feat. Julia Michaels),JP Saxe,If the World Was Ending (feat. Julia Michaels),spotify:track:2kJwzbxV2ppxnQoYw4GLBZ,,,2020-05-08
üß°,2022-02-11,She - Tous les visages de l‚Äôamour,Charles Aznavour,Greatest Golden Hits,spotify:track:2OxkfL5jW8bvYTCNDLlRSY,,,2020-05-08
üß°,2022-02-11,Stand By Me - Acoustic,Matt Johnson,Covers,spotify:track:0qAHsx3Gp5c2eKjl0zC819,,,2020-05-08
üß°,2022-02-11,Stand by Me,Seal,Soul,spotify:track:5pztwVl6brVgqYjYQ93us6,,,2020-05-08
üß°,2022-02-11,Just Give Me a Reason (feat. Nate Ruess),P!nk,The Truth About Love,spotify:track:1mKXFLRA179hdOWQBwUk9e,,,2020-05-08
üß°,2022-02-11,Tears Dry On Their Own,Amy Winehouse,Back To Black,spotify:track:3jP3coGrROR7kjiDlpoRph,,,2020-05-08
üß°,2022-02-11,Cry Me a River,Glen Hansard,Even Better Than The Real Thing Vol. 1,spotify:track:5gH3ldW9WHYxwELm2pfNLU,,,2020-05-08
üß°,2022-02-11,Can't Get You out of My Head,Jack L,Even Better Than The Real Thing Vol. 1,spotify:track:6rrDzJIlcxYC0K6rBXtkZi,,,2020-05-08
üß°,2022-02-11,Lucky,Jason Mraz,We Sing. We Dance. We Steal Things.,spotify:track:0IktbUcnAGrvD03AWnz3Q8,,,2020-05-08
üß°,2022-02-11,Lung,Vancouver Sleep Clinic,Lung,spotify:track:1TFySlNHK9yk7c8Ls6LlNY,,,2020-05-08
üß°,2022-02-11,Things I Love,Chris Mathieu,No Better Place,spotify:track:4ZMqqteFhStHlLxQAP3TJ5,,,2020-05-08
üß°,2022-02-11,(Everything I Do) I Do It For You,Bryan Adams,Waking Up The Neighbours,spotify:track:76qB2ZEZlEJAMqMqUjKusp,,,2020-05-08
üß°,2022-02-11,One,Lewis Capaldi,Divinely Uninspired To A Hellish Extent,spotify:track:5C1TucCRf4Vjjree1OItyv,,,2020-05-08
üß°,2022-02-11,Bruises,Lewis Capaldi,Divinely Uninspired To A Hellish Extent,spotify:track:4Of7rzpRpV1mWRbhp5rAqG,,,2020-05-08
üß°,2022-02-11,Someone You Loved,Lewis Capaldi,Divinely Uninspired To A Hellish Extent,spotify:track:7qEHsqek33rTcFNT9PFqLf,,,2020-05-08
üß°,2022-02-11,Halo,Beyonc√©,I AM...SASHA FIERCE - Platinum Edition,spotify:track:2CvOqDpQIMw69cCzWqr5yr,,,2020-05-08
üß°,2022-02-11,Sandcastles,Beyonc√©,Lemonade,spotify:track:2FNPJWVdGxYhWaotd6rULS,,,2020-05-08
üß°,2022-02-11,Fix You,Coldplay,X&Y,spotify:track:7LVHVU3tWfcxj5aiPFEW4Q,,,2020-05-08
üß°,2022-02-11,X&Y,Coldplay,X&Y,spotify:track:2rxp56vVQp1zzumJ0eHLmw,,,2020-05-08
üß°,2022-02-11,idontwannabeyouanymore,Tschax,idontwannabeyouanymore,spotify:track:6TtngLEObOy9gVNHVWwEXA,,,2020-05-08
üß°,2022-02-11,Lullaby Love - Single Version,Roo Panes,Lullaby Love,spotify:track:3pAen9KHWcFiwQIZUHXJYD,,,2020-05-08
üß°,2022-02-11,1973,James Blunt,All the Lost Souls,spotify:track:1BV0m40U0M4t1SLIsDnwZl,,,2020-05-08
üß°,2022-02-11,Have You Ever Seen the Rain,Imaginary Future,Have You Ever Seen the Rain,spotify:track:39OJgz2d2vAYY9tORFIHHZ,,,2020-05-08
üß°,2022-02-11,Power,Isak Danielson,Power,spotify:track:6xtqvTdWdYZmKY0pSuuHL9,,,2020-05-08
üß°,2022-02-11,Expectations,Lauren Jauregui,Expectations,spotify:track:1EXotCuzdXR34W1MoP6Um7,,,2020-05-08
üß°,2022-02-11,Only Love,Ben Howard,Every Kingdom,spotify:track:2uhEKg8kIzpdvz4gyy6x8W,,,2020-05-08
üß°,2022-02-11,Follow Your Fire,Kodaline,Follow Your Fire,spotify:track:5s9ZfQasBGM8YLNAhXx7or,,,2020-05-08
üß°,2022-02-11,Daddy Lessons,Beyonc√©,Lemonade,spotify:track:71OvX5NNLrmz7rpq1ANTQn,,,2020-05-08
üß°,2022-02-11,Another Love - Radio Edit,Tom Odell,Some Chillout Music,spotify:track:7bUGOtJrkDNtyoKGRkie9e,,,2021-09-12
üß°,2022-02-11,"Lover, Please Stay",Nothing But Thieves,Nothing But Thieves,spotify:track:3QxCvkqWdkMqy3CPxOhZ24,,,2021-09-12
üß°,2022-02-11,Where's My Love,SYML,SYML,spotify:track:2NeM9rfWo70KQej9GxeaoL,,,2021-09-12
üß°,2022-02-11,I Don't Want to Change You,Damien Rice,My Favourite Faded Fantasy,spotify:track:2WOpBtXX02RS4UCzBholDq,,,2021-09-12
üß°,2022-02-11,Made to Love You,Dan Owen,Stay Awake with Me (acoustic),spotify:track:7xNQMVeEgXQf0xUsTlcpMP,,,2021-11-27
son g√ºnüçÉ,2023-05-19,Yaz A≈ükƒ±m,Ege,Senden Uzak,spotify:track:61efPvxaMIQJiXFcReNb1Y,,,2021-09-05
son g√ºnüçÉ,2023-05-19,Nereden Bileceksiniz,Ahmet Kaya,Dosta D√º≈ümana Kar≈üƒ±,spotify:track:1RMnFV3jidSADH1ZSF8EAr,,,2021-09-05
son g√ºnüçÉ,2023-05-19,Mesafe,Serdar Orta√ß,Mesafe,spotify:track:68DrWFjKkrn2W3mkIRP3bc,,,2021-09-05
son g√ºnüçÉ,2023-05-19,Kahpe Kader,Sezen Aksu,Deliveren,spotify:track:5tdUn33I83Ffv7IuHJgpWi,,,2021-09-05
son g√ºnüçÉ,2023-05-19,√ñl√ºr√ºm Sana,Tarkan,√ñl√ºr√ºm Sana,spotify:track:6nAgxB5x7vlGVVIoWpCwaM,,,2021-09-05
son g√ºnüçÉ,2023-05-19,I Wanna Dance with Somebody (Who Loves Me),Whitney Houston,Whitney,spotify:track:2tUBqZG2AbRi7Q0BIrVrEj,,,2021-09-05
son g√ºnüçÉ,2023-05-19,Sevdam Aƒülƒ±yor,Sertab Erener,L√¢'l,spotify:track:4XcSY5BfFnArWDkSVBx0bb,,,2021-09-06
son g√ºnüçÉ,2023-05-19,Haydi Gel Benimle Ol,Sezen Aksu,Sen Aƒülama,spotify:track:6KBRNsL48BmRcQzUq1oSZq,,,2023-05-19
son g√ºnüçÉ,2023-05-19,Bir √áocuk Sevdim,Sezen Aksu,Sezen Aksu '88,spotify:track:7itO53A67K3FDQD3LHU0te,,,2023-05-19
son g√ºnüçÉ,2023-05-19,Vazge√ßtim,Sezen Aksu,G√ºl√ºmse,spotify:track:6Fov2wtS1YVTS3o4sqhgVM,,,2023-05-19
(g)oldies,2022-10-21,Sweet Caroline,Neil Diamond,Sweet Caroline,spotify:track:62AuGbAkt8Ox2IrFFb8GKV,,,2020-05-08
(g)oldies,2022-10-21,Livin' On A Prayer,Bon Jovi,Slippery When Wet,spotify:track:37ZJ0p5Jm13JPevGcx4SkF,,,2020-05-08
(g)oldies,2022-10-21,You Give Love A Bad Name,Bon Jovi,Slippery When Wet,spotify:track:0rmGAIH9LNJewFw7nKzZnc,,,2020-05-08
(g)oldies,2022-10-21,Sweet Child O' Mine,Guns N' Roses,Appetite For Destruction,spotify:track:7o2CTH4ctstm8TNelqjb51,,,2020-05-08
(g)oldies,2022-10-21,In The Air Tonight - 2015 Remastered,Phil Collins,Face Value (Deluxe Editon),spotify:track:18AXbzPzBS8Y3AkgSxzJPb,,,2020-05-08
(g)oldies,2022-10-21,Beat It,Michael Jackson,Thriller 25 Super Deluxe Edition,spotify:track:1OOtq8tRnDM8kG2gqUPjAj,,,2020-05-08
(g)oldies,2022-10-21,"(I've Had) The Time of My Life - From ""Dirty Dancing"" Soundtrack",Bill Medley,Platinum & Gold Collection,spotify:track:4BFMQ15vXr626UOoZL8bUI,,,2020-05-08
(g)oldies,2022-10-21,Should I Stay or Should I Go - Remastered,The Clash,Combat Rock (Remastered),spotify:track:39shmbIHICJ2Wxnk1fPSdz,,,2020-05-08
(g)oldies,2022-10-21,Mamma Mia,ABBA,Abba,spotify:track:2TxCwUlqaOH3TIyJqGgR91,,,2020-05-08
(g)oldies,2022-10-21,You Can't Hurry Love - 2016 Remaster,Phil Collins,"Hello, I Must Be Going!",spotify:track:4YwbSZaYeYja8Umyt222Qf,,,2020-05-08
(g)oldies,2022-10-21,Sweet Dreams (Are Made of This) - Remastered,Eurythmics,Sweet Dreams (Are Made Of This),spotify:track:1TfqLAPs4K3s2rJMoCokcS,,,2020-05-08
(g)oldies,2022-10-21,The Final Countdown,Europe,The Final Countdown (Expanded Edition),spotify:track:3MrRksHupTVEQ7YbA0FsZK,,,2020-05-08
(g)oldies,2022-10-21,It's My Life,Bon Jovi,Crush,spotify:track:0v1XpBHnsbkCn7iJ9Ucr1l,,,2020-05-08
(g)oldies,2022-10-21,Paradise City,Guns N' Roses,Appetite For Destruction,spotify:track:3YBZIN3rekqsKxbJc9FZko,,,2020-05-08
(g)oldies,2022-10-21,Welcome To The Jungle,Guns N' Roses,Appetite For Destruction,spotify:track:0bVtevEgtDIeRjCJbK3Lmv,,,2020-05-08
(g)oldies,2022-10-21,Big in Japan - 2019 Remaster,Alphaville,Forever Young,spotify:track:7wnagOAqma4Sg6JOGjWr5R,,,2020-05-08
(g)oldies,2022-10-21,Hey Jude - Remastered 2015,The Beatles,1,spotify:track:0aym2LBJBk9DAYuHHutrIl,,,2020-05-08
(g)oldies,2022-10-21,Californication,Red Hot Chili Peppers,Californication,spotify:track:48UPSzbZjgc449aqz8bxox,,,2020-05-08
(g)oldies,2022-10-21,Zombie,The Cranberries,No Need To Argue,spotify:track:2IZZqH4K02UIYg5EohpNHF,,,2020-05-08
(g)oldies,2022-10-21,Don't Speak,No Doubt,Tragic Kingdom,spotify:track:7H8zey5My6uNdD2TxeCb9F,,,2020-05-08
(g)oldies,2022-10-21,Torn,Natalie Imbruglia,Left Of The Middle,spotify:track:1Jaah2tmN9Hv81A87KZ1MU,,,2020-05-08
(g)oldies,2022-10-21,Under the Bridge,Red Hot Chili Peppers,Blood Sugar Sex Magik,spotify:track:3d9DChrdc6BOeFsbrZ3Is0,,,2020-05-08
(g)oldies,2022-10-21,Otherside,Red Hot Chili Peppers,Californication,spotify:track:64BbK9SFKH2jk86U3dGj2P,,,2020-05-08
(g)oldies,2022-10-21,I Just Called To Say I Love You,Stevie Wonder,At The Close Of A Century,spotify:track:6RNDeRnWsRMjPdNVgupZCs,,,2020-05-08
(g)oldies,2022-10-21,Let's Groove,"Earth, Wind & Fire",Raise!,spotify:track:3koCCeSaVUyrRo3N2gHrd8,,,2020-05-08
(g)oldies,2022-10-21,I Love Rock 'N Roll,Joan Jett & the Blackhearts,I Love Rock 'N' Roll (Expanded Edition),spotify:track:2Cdvbe2G4hZsnhNMKyGrie,,,2020-05-08
(g)oldies,2022-10-21,La Isla Bonita,Madonna,True Blue,spotify:track:6r8k1vznHrzlEKYxL4dZEe,,,2020-05-08
(g)oldies,2022-10-21,9 to 5,Dolly Parton,9 To 5 And Odd Jobs,spotify:track:4w3tQBXhn5345eUXDGBWZG,,,2020-05-08
(g)oldies,2022-10-21,Big in Japan - Single Version; 2019 Remaster,Alphaville,Forever Young,spotify:track:3TieIQTlipul7oxGldyX09,,,2020-05-08
(g)oldies,2022-10-21,Mambo No. 5 (a Little Bit of...),Lou Bega,A Little Bit of Mambo,spotify:track:6x4tKaOzfNJpEJHySoiJcs,,,2020-05-08
(g)oldies,2022-10-21,Wannabe,Spice Girls,Spice,spotify:track:1Je1IMUlBXcx1Fz0WE7oPT,,,2020-05-08
(g)oldies,2022-10-21,Last Christmas,Wham!,LAST CHRISTMAS,spotify:track:2FRnf9qhLbvw8fu4IBXx78,,,2020-05-08
(g)oldies,2022-10-21,This Velvet Glove,Red Hot Chili Peppers,Californication,spotify:track:49colNVoLFcMszng9O8w4h,,,2020-05-08
(g)oldies,2022-10-21,Lady D'Arbanville,Yusuf / Cat Stevens,Mona Bone Jakon,spotify:track:2H8hNUy47dRpvXdRlrfZ90,,,2020-05-08
(g)oldies,2022-10-21,Crazy,Aerosmith,Get A Grip,spotify:track:2cBGl1Ehr1D9xbqNmraqb4,,,2020-05-08
(g)oldies,2022-10-21,Snow (Hey Oh),Red Hot Chili Peppers,Stadium Arcadium,spotify:track:2aibwv5hGXSgw7Yru8IYTO,,,2020-05-08
(g)oldies,2022-10-21,I Just Called To Say I Love You - Single Version,Stevie Wonder,The Definitive Collection,spotify:track:0HLQBvIEEdJhdl8jd2Pt1E,,,2020-05-08
(g)oldies,2022-10-21,Have A Nice Day,Bon Jovi,Have A Nice Day,spotify:track:06Zz2l7cVTCTgCNDe1bnEF,,,2020-05-08
(g)oldies,2022-10-21,Runaway,Bon Jovi,Cross Road,spotify:track:65RcvcnNgiCOQ0MBD16Up0,,,2020-05-08
(g)oldies,2022-10-21,Life Is Beautiful,Bon Jovi,Burning Bridges,spotify:track:6KdkJDtU5baV0r5VfoI5AB,,,2020-05-08
(g)oldies,2022-10-21,Shape Of My Heart,Sting,Ten Summoner's Tales,spotify:track:1ZXfToGBX4iSwghR23xf1h,,,2020-05-08
(g)oldies,2022-10-21,The Ballroom Blitz,Sweet,Blockbuster,spotify:track:5gNHpCj1uKRRFWtEIYMXL6,,,2020-05-08
(g)oldies,2022-10-21,She Loves You - Mono / Remastered,The Beatles,1,spotify:track:6nEkxYIEnrbYH7h1hJ8Xn6,,,2020-05-08
(g)oldies,2022-10-21,Englishman In New York,Sting,Nothing Like The Sun,spotify:track:5wVylZHmBid99XzEsz8Fk7,,,2020-05-08
(g)oldies,2022-10-21,Mama Said,Metallica,Load,spotify:track:0hAKD3hdy0RUPiPJFz270S,,,2020-05-08
(g)oldies,2022-10-21,One Way Or Another - Remastered 2001,Blondie,Parallel Lines,spotify:track:4cQJ27R11K634x5qCOwKW5,,,2020-05-08
(g)oldies,2022-10-21,Ode To My Family,The Cranberries,No Need To Argue,spotify:track:1AWXiUQjoQfcmqaBEtaOoL,,,2020-05-08
(g)oldies,2022-10-21,Jump in the Line,Harry Belafonte,The Best Of,spotify:track:70mAceS5ArAqVj2OwDE4db,,,2020-05-08
(g)oldies,2022-10-21,Perhaps Love,John Denver,"John Denver's Greatest Hits, Volume 3",spotify:track:1XeCCcv0C9vD6Z8P9E8uhG,,,2020-05-22
(g)oldies,2022-10-21,Hotel California - 2013 Remaster,Eagles,Hotel California,spotify:track:40riOy7x9W7GXjyGp4pjAv,,,2022-10-21
(g)oldies,2022-10-21,I Want To Break Free - Single Remix,Queen,The Works,spotify:track:2AkmdLbVKS1steeZdy8H1l,,,2022-10-21
yol üõ£,2021-08-17,Clap Your Hands,Whilk & Misky,Clap Your Hands,spotify:track:7DM5k4ql2H94jNn0kN0SaU,,,2020-05-08
yol üõ£,2021-08-17,Wishing Girl,Lola Marsh,Remember Roses,spotify:track:7yYYWkchsNxQxuoHkJsLBP,,,2020-05-08
yol üõ£,2021-08-17,Riptide,Vance Joy,Dream Your Life Away,spotify:track:3JvrhDOgAt6p7K8mDyZwRd,,,2020-05-08
yol üõ£,2021-08-17,Can't Hold Us (feat. Ray Dalton),Macklemore & Ryan Lewis,The Heist,spotify:track:3bidbhpOYeV4knp8AIu8Xn,,,2020-05-08
yol üõ£,2021-08-17,River,Bishop Briggs,Church Of Scars,spotify:track:3mRLHiSHYtC8Hk7bzZdUs1,,,2020-05-08
yol üõ£,2021-08-17,Bad Ideas,Alle Farben,Music Is My Best Friend,spotify:track:0uNU2DnGjyjzqeaK3z5rSi,,,2020-05-08
yol üõ£,2021-08-17,Laps Around The Sun,Ziggy Alberts,Laps Around the Sun,spotify:track:68ZVCePM9IP0MSbcmeZuup,,,2020-05-08
yol üõ£,2021-08-17,Blue Sea,Alaine,Blue Sea - Single,spotify:track:4guA1oNEcvacs1BQssjtkp,,,2020-05-08
yol üõ£,2021-08-17,Uzun Uzun (feat. Jabbar),Deeperise,Uzun Uzun (feat. Jabbar),spotify:track:2lfIKSkxC1z8Q7JzTufWFo,,,2020-05-08
yol üõ£,2021-08-17,Crazy,Gnarls Barkley,St. Elsewhere,spotify:track:1vxw6aYJls2oq3gW0DujAo,,,2020-05-08
yol üõ£,2021-08-17,Catch & Release - Deepend Remix,Matt Simons,Catch & Release,spotify:track:3MSZpokwCtkv9BV0vS3uGr,,,2020-05-08
yol üõ£,2021-08-17,Cesaretsizce Olmuyor,Jabbar,Yineleme,spotify:track:3GXkYMKJ443tsH5KmOABnw,,,2020-05-08
yol üõ£,2021-08-17,Have You Ever Seen the Rain,Imaginary Future,Have You Ever Seen the Rain,spotify:track:39OJgz2d2vAYY9tORFIHHZ,,,2020-05-08
yol üõ£,2021-08-17,Only Love,Ben Howard,Every Kingdom,spotify:track:2uhEKg8kIzpdvz4gyy6x8W,,,2020-05-08
yol üõ£,2021-08-17,Millionaire,Iyeoka,Say Yes,spotify:track:1cpXe5sgDUBi10uajaGaYu,,,2020-05-08
yol üõ£,2021-08-17,Renegades,X Ambassadors,VHS,spotify:track:0fYVliAYKHuPmECRs1pbRf,,,2020-05-08
yol üõ£,2021-08-17,Gel Desem,Jabbar,Yineleme,spotify:track:0LwJvEsmEwzYTosCRWM64L,,,2020-05-08
fr,2022-02-11,Le temps est bon,Bon Entendeur,Le temps est bon,spotify:track:4WBDVbKHiNHmFpPLuBHYdu,,,2020-05-08
fr,2022-02-11,Canop√©e,Polo & Pan,Caravelle,spotify:track:260V7huyJrXnyYe0dFv2Fa,,,2020-05-08
fr,2022-02-11,Tout oublier,Ang√®le,Brol,spotify:track:06O3hxudc6V0BOuoCFSy71,,,2020-05-08
fr,2022-02-11,Sous le ciel de Paris,Yves Montand,C'est si bon + 49 succ√®s de Yves Montand,spotify:track:2tSpxPGywYcnfanQIT30gs,,,2020-05-08
fr,2022-02-11,Ton visage,Fr√©ro Delavega,Des ombres et des lumi√®res,spotify:track:5EqwOeakccoyefDI9n77ZQ,,,2020-05-08
fr,2022-02-11,La vie en rose,Zaz,Recto verso,spotify:track:7cY3q6uDDuPfh36fqxPEPy,,,2020-05-08
fr,2022-02-11,On ira,Zaz,Recto verso,spotify:track:0O7j6n6xv3XtsqAqZw0nYM,,,2020-05-08
fr,2022-02-11,Paris,L'Imp√©ratrice,Matahari,spotify:track:7ExCojfDP0HISuvDvPVpak,,,2020-05-08
fr,2022-02-11,Ta reine,Ang√®le,Brol,spotify:track:3iXhLi33EpUfcOwasC8un1,,,2020-05-08
fr,2022-02-11,Une belle histoire,Michel Fugain & Le Big Bazar,Fais Comme L'Oiseau,spotify:track:1GdtMDRiaF1EnG2LJpELme,,,2020-05-08
fr,2022-02-11,Jardin d'hiver,Benjamin Biolay,Songbook,spotify:track:3F10BKDjv8mD0Ecmw9IBkm,,,2020-05-08
fr,2022-02-11,Le vent nous portera - Live / 2002,Noir D√©sir,Noir D√©sir en public,spotify:track:1Uy8VBtdCO13ZEMm899NO2,,,2020-05-08
fr,2022-02-11,Pelo Caf√© (Version fran√ßaise) [Radio Edit],Diez Arenas,"Latino Stars 2018 - The Best of Reggaeton, Bachata, Salsa & Kizomba",spotify:track:1qUaJMSIObf8OBkgjAHSi5,,,2020-05-08
fr,2022-02-11,L'ombelico del mondo,JOVANOTTE,Tribu',spotify:track:0bAAYzAo9eLK6JDmS5gnir,,,2020-05-08
fr,2022-02-11,Ma Benz,Brigitte,H√¥tel Costes 14,spotify:track:3VtgKyNdd9D7T3u9FZbrsX,,,2020-05-08
fr,2022-02-11,Les Feuilles Mortes,Iggy Pop,Preliminaires,spotify:track:4jsfwKGrdOLfQM5DHheVz8,,,2020-05-08
fr,2022-02-11,La foule,√âdith Piaf,de l'accordeoniste a milord,spotify:track:2xZfPZxInlDXDKc6NDts8Z,,,2020-05-08
fr,2022-02-11,Quelqu'un m'a dit,Carla Bruni,Quelqu'un M'a Dit,spotify:track:6w9Pf2VV4kZNcExAjcG2hw,,,2020-05-18
fr,2022-02-11,Comment te dire adieu - Remasteris√© en 2016,Fran√ßoise Hardy,Comment te dire adieu,spotify:track:6g5qyQrAcoBX4X7XjxBoTO,,,2020-05-18
fr,2022-02-11,Les Champs-Elys√©es,Joe Dassin,Les Champs-√àlys√©es,spotify:track:4VWbPQUPvLes814r6T11Jz,,,2020-05-18
fr,2022-02-11,Milord,√âdith Piaf,de l'accordeoniste a milord,spotify:track:18efeGygYyi4nx3haDMdAa,,,2020-05-18
fr,2022-02-11,Hier encore,Charles Aznavour,Que c'est triste Venise,spotify:track:4ciRwt5dGHKKm8Et8r1xJ0,,,2020-05-18
fr,2022-02-11,Et si tu n'existais pas,Joe Dassin,Joe Dassin,spotify:track:1GeszH3DWCOKwK0d8D5gEZ,,,2020-05-18
fr,2022-02-11,Le coeur √©l√©phant,Fr√©ro Delavega,Des ombres et des lumi√®res,spotify:track:5TTfQvVwzlsatGExuQOFCC,,,2020-05-18
II,2020-05-08,Praise The Lord (Da Shine) (feat. Skepta),A$AP Rocky,TESTING,spotify:track:7ycWLEP1GsNjVvcjawXz3z,,,2020-05-08
II,2020-05-08,Waves,Kanye West,The Life Of Pablo,spotify:track:3nAq2hCr1oWsIU54tS98pL,,,2020-05-08
II,2020-05-08,Twerk It Like Miley,Brandon Beal,Truth,spotify:track:3Mf5lroDtECoRWVUWnHCo8,,,2020-05-08
II,2020-05-08,True Colors,The Weeknd,Starboy,spotify:track:1oGdVdYjeQvojGKDddxLQQ,,,2020-05-08
II,2020-05-08,LUV,Tory Lanez,I Told You,spotify:track:16Ah4QqH4mgYVXqfC4mdSd,,,2020-05-08
II,2020-05-08,Curve (feat. The Weeknd),Gucci Mane,Mr. Davis,spotify:track:2yuyaYAELoMG4ApV5wJsWR,,,2020-05-08
II,2020-05-08,Papi Chulo,Octavian,Papi Chulo,spotify:track:6Juv5N0dNU1imms9c9u1dA,,,2020-05-08
II,2020-05-08,Splashin,Rich The Kid,Splashin,spotify:track:79OEIr4J4FHV0O3KrhaXRb,,,2020-05-08
II,2020-05-08,Look Back at It,A Boogie Wit da Hoodie,Hoodie SZN,spotify:track:3Ol2xnObFdKV9pmRD2t9x8,,,2020-05-08
II,2020-05-08,Swervin (feat. 6ix9ine),A Boogie Wit da Hoodie,Hoodie SZN,spotify:track:1wJRveJZLSb1rjhnUHQiv6,,,2020-05-08
II,2020-05-08,All That (feat. Jeremih),Drama Relax,All That (feat. Jeremih),spotify:track:3qLcCVE9qmnY4JJxDXwH2j,,,2020-05-08
II,2020-05-08,Planez,Jeremih,Late Nights: The Album,spotify:track:08zJpaUQVi9FrKv2e32Bah,,,2020-05-08
II,2020-05-08,Redemption,Drake,Views,spotify:track:4cRBqWBjuccCowYVHFlXK6,,,2020-05-08
II,2020-05-08,20/20,Lil Tjay,20/20,spotify:track:4Hqh0dS4x07zuRw6eBTO7p,,,2020-05-08
II,2020-05-08,Blue Tint,Drake,Scorpion,spotify:track:4n1bdaKwynQndm47x5HqWX,,,2020-05-08
II,2020-05-08,Die For Me (feat. Future & Halsey),Post Malone,Hollywood's Bleeding,spotify:track:2C6WXnmZ66tHhHlnvwePiK,,,2020-05-08
II,2020-05-08,Bitches N Marijuana (feat. ScHoolboy Q),Chris Brown,Fan of A Fan The Album (Expanded Edition),spotify:track:3PiLfzEXHrvT1oJKR8PAJt,,,2020-05-08
II,2020-05-08,Work Sumn (feat. Tory Lanez and Jacquees),Kirko Bangz,Work Sumn (feat. Tory Lanez and Jacquees),spotify:track:2scmPxlPxRZeXs39SgAw7n,,,2020-05-08
II,2020-05-08,Break from Toronto,PARTYNEXTDOOR,PARTYNEXTDOOR,spotify:track:79MSEdtXuudhGhC5AtG07g,,,2020-05-08
II,2020-05-08,Bottom Bitch,Doja Cat,Hot Pink,spotify:track:1L0z2CQKrKJ2spYSMkfim9,,,2020-05-08
II,2020-05-08,Say So,Doja Cat,Hot Pink,spotify:track:3Dv1eDb0MEgF93GpLXlucZ,,,2020-05-08
II,2020-05-08,Like That (feat. Gucci Mane),Doja Cat,Hot Pink,spotify:track:4EivmOT13NMpNSfTKn9p4s,,,2020-05-08
II,2020-05-08,Juicy,Doja Cat,Hot Pink,spotify:track:7f5trao56t7sB7f14QDTmp,,,2020-05-08
II,2020-05-08,WORKIN ME,Quavo,W O R K I N M E,spotify:track:33tNYw9oMtSkGe27NpgS64,,,2020-05-08
II,2020-05-08,HUMBLE.,Kendrick Lamar,DAMN.,spotify:track:7KXjTSCq5nL1LoYtL7XAwS,,,2020-05-08
II,2020-05-08,Yo Darlin',NSG,Yo Darlin',spotify:track:7Lh7cJzYuo4U5Uq687rLSm,,,2020-05-08
II,2020-05-08,"Thotiana (feat. Cardi B, YG) [Remix]",Blueface,"Thotiana (feat. Cardi B, YG) [Remix]",spotify:track:1JkrD47SDpAbyvqKtolcea,,,2020-05-08
II,2020-05-08,Powerglide (feat. Juicy J) - From SR3MM,Rae Sremmurd,SR3MM,spotify:track:1BuZAIO8WZpavWVbbq3Lci,,,2020-05-08
II,2020-05-08,Met Gala (feat. Offset),Gucci Mane,Droptopwop,spotify:track:2XaInsPPUkZRkY4uFJ3AHK,,,2020-05-08
II,2020-05-08,Phases,PRETTYMUCH,Phases,spotify:track:3je88Q4OvTqIx7BFRFYvRA,,,2020-05-08
II,2020-05-08,Bang,RICCI,Bang,spotify:track:4WlBtGJRZgJjWikusfISrj,,,2020-05-08
II,2020-05-08,Not Above Love,AlunaGeorge,I Remember,spotify:track:7k6Wf3BN6m2kCGIAfouMwP,,,2020-05-08
II,2020-05-08,High Fashion (feat. Mustard),Roddy Ricch,Please Excuse Me for Being Antisocial,spotify:track:07KXEDMj78x68D884wgVEm,,,2020-05-08
II,2020-05-08,Jet Lag (feat. Young Scooter),Future,Future & Juice WRLD Present... WRLD ON DRUGS,spotify:track:2OsDoAzo5SGq10qwmKSQBv,,,2020-05-08
II,2020-05-08,The London (feat. J. Cole & Travis Scott),Young Thug,The London (feat. J. Cole & Travis Scott),spotify:track:7DcvwMAiqKJQD1rrdfxSDx,,,2020-05-08
II,2020-05-08,Check (with RAYE),Kojo Funds,Check (with RAYE),spotify:track:4i8ObH2xPP4DSNniUJlgar,,,2020-05-08
II,2020-05-08,Cigarette,RAYE,Cigarette,spotify:track:1GnfpjuZ1NUjEXSir7F8Hj,,,2020-05-08
II,2020-05-08,Jumanji,B Young,Jumanji,spotify:track:4PzsYXrHh4r2BxtpNjtvoF,,,2020-05-08
II,2020-05-08,KIKA,6ix9ine,DUMMY BOY,spotify:track:6Gy7rXB6Ku5vIWC7WGWsl3,,,2020-05-08
II,2020-05-08,Majesty (with Labrinth & feat. Eminem),Nicki Minaj,Queen,spotify:track:01s1HGlw9yqT0U242yffBb,,,2020-05-08
II,2020-05-08,Falling Down - Bonus Track,Lil Peep,Falling Down,spotify:track:0Dn40gxVCMo5TkgS8Ik18Q,,,2020-05-08
mode üìç,2020-11-29,Man O To,Nu,Man O To,spotify:track:6iKvgAl0uHqUrSXef7YccS,,,2020-05-08
mode üìç,2020-11-29,Tuyo,Rodrigo Amarante,Narcos (A Netflix Original Series Soundtrack),spotify:track:4hC7fmtx9LmjruoIieWT0m,,,2020-05-08
mode üìç,2020-11-29,Fever,Oscar and the Wolf,Infinity,spotify:track:1erih0IyANioQVOK3j4YtE,,,2020-05-08
mode üìç,2020-11-29,Psycho,Russ,Pink Elephant,spotify:track:1KNDEEQikLqUCC3x5c2tCl,,,2020-05-08
mode üìç,2020-11-29,Gold,Chet Faker,Built on Glass,spotify:track:1Ll09EiN5ffeFl1xNZB2Uk,,,2020-05-08
mode üìç,2020-11-29,No Diggity,Chet Faker,Thinking In Textures,spotify:track:0PB8KUQHpc7GveSOaWhGwb,,,2020-05-08
mode üìç,2020-11-29,Chainsmoking,Jacob Banks,Village,spotify:track:1EZfCViOJ9XKFbwX8FkZUF,,,2020-05-08
mode üìç,2020-11-29,Snow White,Dennis Lloyd,Snow White,spotify:track:0T4YziOpifV4Eo9XsMPp2X,,,2020-05-08
mode üìç,2020-11-29,Human,"John ""The Ragin Cajun"" Jones",I'm Only Human After All,spotify:track:7Jd1bpQBw6Jc4eSfzTqEp1,,,2020-05-08
mode üìç,2020-11-29,bad guy,Billie Eilish,"WHEN WE ALL FALL ASLEEP, WHERE DO WE GO?",spotify:track:2Fxmhks0bxGSBdJ92vM42m,,,2020-05-08
mode üìç,2020-11-29,Melt,Chet Faker,Built on Glass,spotify:track:7F9NJCMko9LLUrHxBS2Spb,,,2020-05-08
mode üìç,2020-11-29,Devil Eyes,Hippie Sabotage,Providence,spotify:track:7MiZjKawmXTsTNePyTfPyL,,,2020-05-08
mode üìç,2020-11-29,Promises (with Sam Smith),Calvin Harris,Promises (with Sam Smith),spotify:track:5N5k9nd479b1xpDZ4usjrg,,,2020-05-08
mode üìç,2020-11-29,Runaway,Oscar and the Wolf,Infinity,spotify:track:1e817MPGhdAlN7hyXgWoA5,,,2020-05-08
mode üìç,2020-11-29,Losing My Way,Justin Timberlake,FutureSex/LoveSounds,spotify:track:1Ou4q1gX3QAvKhAFd3xsXT,,,2020-05-08
mode üìç,2020-11-29,Princes,Oscar and the Wolf,Entity,spotify:track:1Tbr6HCbY3p4qZDKM5x6VR,,,2020-05-08
mode üìç,2020-11-29,Stay the Night,Claptone,Fantast,spotify:track:6VZnA7xwd1l4hQH3q264TU,,,2020-05-08
mode üìç,2020-11-29,No Eyes,Claptone,Charmer,spotify:track:4035yp8Z7EyAg3yDchzxA8,,,2020-05-08
mode üìç,2020-11-29,Some Paradise,L'Imp√©ratrice,Matahari,spotify:track:4LGuzwSojbUuSJQNOWY1Ko,,,2020-05-08
mode üìç,2020-11-29,Fireball (feat. Broken Back),Synapson,Fireball,spotify:track:1qhP1zx4IJ3lfyv0Xs5z70,,,2020-05-08
mode üìç,2020-11-29,Jumanji,B Young,Jumanji,spotify:track:4PzsYXrHh4r2BxtpNjtvoF,,,2020-05-08
mode üìç,2020-11-29,all the good girls go to hell,Billie Eilish,"WHEN WE ALL FALL ASLEEP, WHERE DO WE GO?",spotify:track:6IRdLKIyS4p7XNiP8r6rsx,,,2020-05-08
mode üìç,2020-11-29,bury a friend,Billie Eilish,"WHEN WE ALL FALL ASLEEP, WHERE DO WE GO?",spotify:track:4SSnFejRGlZikf02HLewEF,,,2020-05-08
mode üìç,2020-11-29,Go Fuck Yourself,Two Feet,First Steps,spotify:track:4NZrZgrRoR4GwR7flWOXRI,,,2020-05-08
mode üìç,2020-11-29,Lost In Yesterday,Tame Impala,The Slow Rush,spotify:track:5JWPUEov2wlX7c0jhYZpeB,,,2020-05-08
mode üìç,2020-11-29,Summer Jam - Radio Edit,The Underdog Project,Summer Jam,spotify:track:6L54wM12STr1kS8nPjPIaS,,,2020-05-08
mode üìç,2020-11-29,Calling Out for Love,Whilk & Misky,My Round,spotify:track:38e6DPgCN31GxsS6qaI5tO,,,2020-05-08
mode üìç,2020-11-29,Rx (Medicate) - Symphonic Acoustic,Theory of a Deadman,Rx (Medicate),spotify:track:5Bd0ckNtNsxISCa6uuxMLK,,,2020-05-08
mode üìç,2020-11-29,Talk Is Cheap,Chet Faker,Built on Glass,spotify:track:655HjEK4nNzceomQVpNzgN,,,2020-05-08
mode üìç,2020-11-29,Calm After The Storm - Radio Edit,The Common Linnets,Calm After The Storm,spotify:track:3LHOMrvVg7g9IvBiUpkhNz,,,2020-05-08
mode üìç,2020-11-29,Wild Stare,Giant Rooks,Wild Stare,spotify:track:3LJ5fbTf7eVB7BpGHWiCR8,,,2020-05-08
mode üìç,2020-11-29,Night Shift,Melik Arici,Night Shift,spotify:track:60yfdDoddtlsn4TunmqyKy,,,2020-05-08
mode üìç,2020-11-29,Had Some Drinks,Two Feet,Had Some Drinks,spotify:track:6gGBL1uMBcNUOzSYfKreID,,,2020-05-08
mode üìç,2020-11-29,Aura,Dennis Lloyd,Exident,spotify:track:5GoWczqfKJr4kBO93ClKa2,,,2020-05-08
mode üìç,2020-11-29,Poor Boy,Belle and Sebastian,How to Solve Our Human Problems (Part 3),spotify:track:1UMzUAa4k9OZ7qLCzX9lSs,,,2020-05-08
mode üìç,2020-11-29,Circles,Post Malone,Circles,spotify:track:4VginDwYTP2eaHJzO0QMjG,,,2020-05-08
mode üìç,2020-11-29,everything i wanted,Billie Eilish,everything i wanted,spotify:track:3ZCTVFBt2Brf31RLEnCkWJ,,,2020-05-08
mode üìç,2020-11-29,Imagination,Foster The People,Imagination,spotify:track:2flxduIqEbsicdmPyj1WVW,,,2020-05-08
mode üìç,2020-11-29,Man on a Mission,Oh The Larceny,Oh the Larceny,spotify:track:7zbbclmHhDSdsq63O6c8eH,,,2020-05-08
mode üìç,2020-11-29,Drop The Game,Flume,"TheSoundYouNeed, Vol. 1",spotify:track:765sQC7Bazh6ZeuWiB4vVK,,,2020-05-08
mode üìç,2020-11-29,bellyache,Billie Eilish,Bellyache,spotify:track:51NFxnQvaosfDDutk0tams,,,2020-05-08
mode üìç,2020-11-29,Why'd You Only Call Me When You're High?,Arctic Monkeys,AM,spotify:track:086myS9r57YsLbJpU0TgK9,,,2020-05-08
mode üìç,2020-11-29,Bunker,Balthazar,Thin Walls,spotify:track:7fhzES2ZyvdaD7jSwFOZrR,,,2020-05-09
24/7,2020-05-08,Seven Nation Army,The White Stripes,Elephant,spotify:track:47wPvRG8FEwbZP22UBgTQr,,,2020-05-08
24/7,2020-05-08,goosebumps,Travis Scott,Birds In The Trap Sing McKnight,spotify:track:6gBFPUFcJLzWGx4lenP6h2,,,2020-05-08
24/7,2020-05-08,Hotline Bling,Drake,Views,spotify:track:0wwPcA6wtMf6HUMpIRdeP7,,,2020-05-08
24/7,2020-05-08,Call Out My Name,The Weeknd,"My Dear Melancholy,",spotify:track:09mEdoA6zrmBPgTEN5qXmN,,,2020-05-08
24/7,2020-05-08,"Earned It (Fifty Shades Of Grey) - From The ""Fifty Shades Of Grey"" Soundtrack",The Weeknd,Fifty Shades Of Grey,spotify:track:4I8yHxomfwh2ggSmiPmQyP,,,2020-05-08
24/7,2020-05-08,Crazy in Love,Sofia Karlberg,Crazy in Love - Single,spotify:track:7jOvEsDIjHRH0LwCkwZSHS,,,2020-05-08
24/7,2020-05-08,Snow (Hey Oh),Red Hot Chili Peppers,Stadium Arcadium,spotify:track:2aibwv5hGXSgw7Yru8IYTO,,,2020-05-08
24/7,2020-05-08,Blinding Lights,The Weeknd,Blinding Lights,spotify:track:0sf12qNH5qcw8qpgymFOqD,,,2020-05-08
24/7,2020-05-08,Impatient,Jeremih,Late Nights: The Album,spotify:track:3WjyiSbfR74pjWXQ3IaFKJ,,,2020-05-08
24/7,2020-05-08,Falling,Trevor Daniel,Falling,spotify:track:4TnjEaWOeW0eKTKIEvJyCa,,,2020-05-08
24/7,2020-05-08,Follow God,Kanye West,JESUS IS KING,spotify:track:2QpGZOhTCHHiKmpSO9FW4h,,,2020-05-08
24/7,2020-05-08,Closed On Sunday,Kanye West,JESUS IS KING,spotify:track:3JWiDGQX2eTlFvKj3Yssj3,,,2020-05-08
24/7,2020-05-08,HIGHEST IN THE ROOM,Travis Scott,HIGHEST IN THE ROOM,spotify:track:3eekarcy7kvN4yt5ZFzltW,,,2020-05-08
24/7,2020-05-08,Killing Strangers,Marilyn Manson,The Pale Emperor,spotify:track:2naBVHNHinneXOYmczG7xE,,,2020-05-08
24/7,2020-05-08,Eleven,Khalid,Eleven,spotify:track:1ToprX3cpBiXoAe5eNSk74,,,2020-05-08
24/7,2020-05-08,Life Is Good (feat. Drake),Future,Life Is Good (feat. Drake),spotify:track:5yY9lUy8nbvjM1Uyo1Uqoc,,,2020-05-08
24/7,2020-05-08,Rollin (feat. Future & Khalid),Calvin Harris,Rollin (feat. Future & Khalid),spotify:track:3FDrI0FLKzrYQiWxPhqV2W,,,2020-05-08
24/7,2020-05-08,Panini,Lil Nas X,7 EP,spotify:track:6fTt0CH2t0mdeB2N9XFG5r,,,2020-05-08
24/7,2020-05-08,Pop Out Again (feat. Lil Baby & Gunna),Polo G,Die A Legend,spotify:track:2VIMXmWUIqhMqg6h5FOFPG,,,2020-05-08
24/7,2020-05-08,lovely (with Khalid),Billie Eilish,lovely (with Khalid),spotify:track:0u2P5u6lvoDfwTYjAADbn4,,,2020-05-08
24/7,2020-05-08,WAKE UP,Travis Scott,ASTROWORLD,spotify:track:20MuVazoNMv6xjKPnRFOxG,,,2020-05-08
24/7,2020-05-08,Suncity (feat. Empress Of),Khalid,Suncity,spotify:track:4AhSkRYioEIfGvCV19peYN,,,2020-05-08
24/7,2020-05-08,ZEZE (feat. Travis Scott & Offset),Kodak Black,ZEZE (feat. Travis Scott & Offset),spotify:track:7l3E7lcozEodtVsSTCkcaA,,,2020-05-08
24/7,2020-05-08,Wake Up in the Sky,Gucci Mane,Evil Genius,spotify:track:2G1tXoGBaEMJ7FKGnkf6ud,,,2020-05-08
24/7,2020-05-08,Sunflower - Spider-Man: Into the Spider-Verse,Post Malone,Spider-Man: Into the Spider-Verse,spotify:track:3KkXRkHbMCARz0aVfEt68P,,,2020-05-08
24/7,2020-05-08,Rodeo,Lil Nas X,7 EP,spotify:track:4ak7xjvBeBOcJGWFDX9w5n,,,2020-05-08
24/7,2020-05-08,F9mily (You & Me),Lil Nas X,7 EP,spotify:track:1ABQT5SxlUTNapSbSzblGx,,,2020-05-08
24/7,2020-05-08,Kick It,Lil Nas X,7 EP,spotify:track:3qIV7Rnj3ZxLs2JcLPUbFV,,,2020-05-08
24/7,2020-05-08,Controlla,Drake,Views,spotify:track:3O8NlPh2LByMU9lSRSHedm,,,2020-05-08
24/7,2020-05-08,Where Is The Love?,Black Eyed Peas,Elephunk,spotify:track:1FreAz1lmnDi5aKLB6GdFM,,,2020-05-08
24/7,2020-05-08,Pure Water (with Migos),Mustard,Pure Water (with Migos),spotify:track:63cd4JkwGgYJrbOizbfmsp,,,2020-05-08
24/7,2020-05-08,Enemies (feat. DaBaby),Post Malone,Hollywood's Bleeding,spotify:track:6UFEJuDXQMWhL5UH5f9fUR,,,2020-05-08
24/7,2020-05-08,Keep Your Worries,Guru,Streetsoul,spotify:track:2iYM4CGkoTfsLw9MI5K1AC,,,2020-05-08
24/7,2020-05-08,Stripper Bowl,Quality Control,Stripper Bowl,spotify:track:7mv4eldXEFbf3s3ZEfbmlC,,,2020-05-08
24/7,2020-05-08,Barking,Ramz,Barking,spotify:track:7amMgNDcObIDkIXv4xcvc2,,,2020-05-08
24/7,2020-05-08,Feel It Still,Portugal. The Man,Woodstock,spotify:track:6QgjcU0zLnzq5OrUoSZ3OK,,,2020-05-08
24/7,2020-05-08,Taste (feat. Offset),Tyga,Taste (feat. Offset),spotify:track:5IaHrVsrferBYDm0bDyABy,,,2020-05-08
24/7,2020-05-08,Lick,Offset,FATHER OF 4,spotify:track:4W9XGjEUVG9junR70FOLii,,,2020-05-08
24/7,2020-05-08,Geen Limiet,Frenna,Geen Limiet,spotify:track:2gLxCTT5bbo2EkTNeTAsBe,,,2020-05-08
24/7,2020-05-08,River (feat. Ed Sheeran),Eminem,Revival,spotify:track:5UEnHoDYpsxlfzWLZIc7LD,,,2020-05-08
24/7,2020-05-08,My Year,GASHI,My Year,spotify:track:6MDjeiUWPPgEwLtiBrr9he,,,2020-05-08
24/7,2020-05-08,Those Kinda Nights (feat. Ed Sheeran),Eminem,Music To Be Murdered By,spotify:track:0VSzREd1OjEWJ9tXoFHRQH,,,2020-05-08
24/7,2020-05-08,Met Gala (feat. Offset),Gucci Mane,Droptopwop,spotify:track:2XaInsPPUkZRkY4uFJ3AHK,,,2020-05-08
24/7,2020-05-08,Sick Boy,The Chainsmokers,Sick Boy...This Feeling,spotify:track:2SxsI73qXm0rJ89Kp5JnpT,,,2020-05-08
24/7,2020-05-08,Slow For Me (feat. Tory Lanez),Melii,phAses,spotify:track:1aSd69BNiOKdT1AUJzsNhN,,,2020-05-08
24/7,2020-05-08,Know Your Worth,Khalid,Know Your Worth,spotify:track:0TrPqhAMoaKUFLR7iYDokf,,,2020-05-08
24/7,2020-05-08,Ten Toes Down,Trace.,Bipolar.,spotify:track:4EHEJGP4UP0ZHpm89CssCS,,,2020-05-08
24/7,2020-05-08,Majesty (with Labrinth & feat. Eminem),Nicki Minaj,Queen,spotify:track:01s1HGlw9yqT0U242yffBb,,,2020-05-08
24/7,2020-05-08,Daddy (feat. Rich The Kid),Blueface,Dirt Bag,spotify:track:4hanO6Du5J7QEguNHYZHmw,,,2020-05-08
24/7,2020-05-08,"Leave Em Alone (Layton Greene, Lil Baby feat. City Girls, PnB Rock)",Quality Control,Quality Control: Control The Streets Volume 2,spotify:track:6Vdyu21iT8qScU1haSjWUU,,,2020-05-08
24/7,2020-05-08,Focus (feat. 21 Savage),Bazzi,Focus (feat. 21 Savage),spotify:track:12iDo4Kdw9vA2X1lN3UTVu,,,2020-05-08
24/7,2020-05-08,Hopeless Romantic (feat. Swae Lee),Wiz Khalifa,Rolling Papers 2,spotify:track:7IBSffWIu7P2MC7kMwy2FM,,,2020-05-08
24/7,2020-05-08,No Guidance (feat. Drake),Chris Brown,No Guidance (feat. Drake),spotify:track:7FEwp8BavoEVE3AnxJDchc,,,2020-05-08
24/7,2020-05-08,Circles,Post Malone,Circles,spotify:track:4VginDwYTP2eaHJzO0QMjG,,,2020-05-08
my type of hypeüíÉüèªüï∫üèº,2023-11-01,Seni Yerler,Sezen Aksu,D√º≈ü Bah√ßeleri,spotify:track:0seHKl9cX6sRrgO5Ql28b4,,,2020-09-02
my type of hypeüíÉüèªüï∫üèº,2023-11-01,Hovarda,Emel M√ºft√ºoƒülu,Hovarda,spotify:track:0mJwTj7ldazo0CIYPt4wkN,,,2020-09-02
my type of hypeüíÉüèªüï∫üèº,2023-11-01,Sevdik Sevdalandƒ±k,Reyhan Karaca,Sevdik Sevdalandƒ±k,spotify:track:56oHEPvPd0sV7w6wLp4Wt6,,,2020-09-02
my type of hypeüíÉüèªüï∫üèº,2023-11-01,≈ûans Meleƒüim,Kenan Doƒüulu,A≈üka T√ºrl√º ≈ûeyler,spotify:track:0YUCEubKOccZGuCWABCH0E,,,2020-09-02
my type of hypeüíÉüèªüï∫üèº,2023-11-01,Kƒ±z Kƒ±za,4 Y√ºz,4 Y√ºz,spotify:track:4OdvdxEAHwCojC04Qn7amC,,,2020-09-02
my type of hypeüíÉüèªüï∫üèº,2023-11-01,≈ûinanay,Sezen Aksu,Sezen Aksu S√∂yl√ºyor,spotify:track:4LXLtYkX7JpdgZgKxdKF4k,,,2020-09-03
my type of hypeüíÉüèªüï∫üèº,2023-11-01,Despacito,Luis Fonsi,VIDA,spotify:track:6habFhsOp2NvshLv26DqMb,,,2020-09-03
my type of hypeüíÉüèªüï∫üèº,2023-11-01,Yaz Yaz Yaz,Ajda Pekkan,1990,spotify:track:7Dm3nezEO4pDOLhe7KGiYx,,,2020-09-03
my type of hypeüíÉüèªüï∫üèº,2023-11-01,D√ºnya D√∂n√ºyor,Nil√ºfer,Karƒ±≈üƒ±k Kaset,spotify:track:6inh8129bDIKWfnJJlu01C,,,2020-09-03
my type of hypeüíÉüèªüï∫üèº,2023-11-01,A≈üka Y√ºrek Gerek,Mustafa Sandal,A≈üka Y√ºrek Gerek,spotify:track:1aFuXmfz6bYOvUDOLZiqys,,,2020-09-03
my type of hypeüíÉüèªüï∫üèº,2023-11-01,Deli Et Beni,Emel M√ºft√ºoƒülu,Emelce,spotify:track:4oW4mNHx8CrskPRrhVcJtx,,,2020-09-03
my type of hypeüíÉüèªüï∫üèº,2023-11-01,Yaparƒ±m Bilirsin,Kenan Doƒüulu,Yaparƒ±m Bilirsin,spotify:track:0Ct9Y9hFbJp97uw2HIBCZT,,,2020-09-03
my type of hypeüíÉüèªüï∫üèº,2023-11-01,Sarƒ±≈üƒ±n,Sezen Aksu,Sezen Aksu '88,spotify:track:73G6qD9mGumhJtyGcmFQo8,,,2020-09-03
my type of hypeüíÉüèªüï∫üèº,2023-11-01,Harika,Ozan Doƒüulu,130 Bpm Quartet,spotify:track:08KwNr3wIRWKm7KuW6yjj5,,,2020-09-03
my type of hypeüíÉüèªüï∫üèº,2023-11-01,Meyhaneci,√áelik,≈ûamata 2000,spotify:track:06TQMpbYBcHB8Aqb8O2eY1,,,2020-09-03
my type of hypeüíÉüèªüï∫üèº,2023-11-01,Sakƒ±n Gelme,MF√ñ,MF√ñ Box Set,spotify:track:3DgqzabE5Pf7xglU90ItvR,,,2020-09-03
my type of hypeüíÉüèªüï∫üèº,2023-11-01,Medcezir,Levent Y√ºksel,Med Cezir,spotify:track:39Shd0A8AL4jZ7bmuvEWAu,,,2020-09-03
my type of hypeüíÉüèªüï∫üèº,2023-11-01,Maalesef,Mansur Ark,Mansur Ark,spotify:track:2Bn3E90Aq8yFcRJDpZdzCo,,,2020-09-03
my type of hypeüíÉüèªüï∫üèº,2023-11-01,Gir Kanƒ±ma,Harun Kol√ßak,Beni Affet,spotify:track:3YtuAPxcclrBCfBUZVcFrq,,,2020-09-03
my type of hypeüíÉüèªüï∫üèº,2023-11-01,Padi≈üah,Sibel Can,1995 - 2000,spotify:track:4Wewt1QRTNGyw8EDLXyjfJ,,,2020-09-03
my type of hypeüíÉüèªüï∫üèº,2023-11-01,Karabiberim,Serdar Orta√ß,A≈ük ƒ∞√ßin,spotify:track:73y3B6WnY28e2qKrCV4NtY,,,2020-09-03
my type of hypeüíÉüèªüï∫üèº,2023-11-01,Dans√∂z,Serdar Orta√ß,Mesafe,spotify:track:5iKzAnS1BY583HpwxHIz1m,,,2020-09-03
my type of hypeüíÉüèªüï∫üèº,2023-11-01,Sor,Serdar Orta√ß,Mesafe,spotify:track:5Uzxouh00sQqfcUd6I4BnW,,,2020-09-03
my type of hypeüíÉüèªüï∫üèº,2023-11-01,Aya Benzer,Mustafa Sandal,Detay,spotify:track:6T1F7KwvtxUIsZXmRXyv3X,,,2020-09-03
my type of hypeüíÉüèªüï∫üèº,2023-11-01,Abone,Yonca Evcimik,Abone,spotify:track:1oa6Yu9X9Z2aeaipmZk89O,,,2020-09-03
my type of hypeüíÉüèªüï∫üèº,2023-11-01,Sallayalƒ±m D√ºnyayƒ±,Yonca Evcimik,A≈üka Hazƒ±r,spotify:track:2iyLNfnlFgb267lm2zHS7G,,,2020-09-03
my type of hypeüíÉüèªüï∫üèº,2023-11-01,Ba≈üƒ±ma Gelenler,Nil√ºfer,25 D√ºet,spotify:track:5dsHVJWKggOHj10PCXEExv,,,2020-09-03
my type of hypeüíÉüèªüï∫üèº,2023-11-01,Aldatƒ±ldƒ±k,Rengin,Rengin,spotify:track:2eb3TzYQ9jZqpgMTP8wrQv,,,2020-09-03
my type of hypeüíÉüèªüï∫üèº,2023-11-01,Rabiosa (feat. Pitbull),Shakira,Sale el Sol,spotify:track:2Xh7dyCHCErCv3PmdVEGw4,,,2021-01-13
my type of hypeüíÉüèªüï∫üèº,2023-11-01,Kumralƒ±m,Ya≈üar,Divane,spotify:track:3tCCD2qQLdC99YkRwGPSsx,,,2021-04-16
my type of hypeüíÉüèªüï∫üèº,2023-11-01,Sarƒ±≈üƒ±nƒ±m,G√ºl≈üen,G√ºlshen 2005 √ñzel Of... Of... Alb√ºm√º Ve Remixler,spotify:track:1wx1lQatKZXcU9TXB4rVDA,,,2021-04-16
my type of hypeüíÉüèªüï∫üèº,2023-11-01,Yakar Ge√ßerim,Ajda Pekkan,Farkƒ±n Bu,spotify:track:41EfGbF3T66mbR67xvNYvm,,,2021-04-16
my type of hypeüíÉüèªüï∫üèº,2023-11-01,Birtanem - Night Club Mix,Ya≈üar,Divane,spotify:track:7tbD2Rl5Rxs7836NFZBQxM,,,2021-04-16
my type of hypeüíÉüèªüï∫üèº,2023-11-01,Tavla,Mirkelam,Mirkelam,spotify:track:4aszqTKbVDgtoTq2coBT2t,,,2021-04-16
my type of hypeüíÉüèªüï∫üèº,2023-11-01,Rakkas,Sezen Aksu,I≈üƒ±k Doƒüudan Y√ºkselir / Ex Oriente Lux,spotify:track:0LGOygzEX94GVQsADi2Dsm,,,2021-04-16
my type of hypeüíÉüèªüï∫üèº,2023-11-01,Her gece,Mirkelam,Mirkelam,spotify:track:0Wk7DHKAYGVJjgU7YAWCV0,,,2021-04-16
my type of hypeüíÉüèªüï∫üèº,2023-11-01,Kumsalda,Sertab Erener,Turuncu,spotify:track:44P48IXl8neXU8K3YAKabd,,,2021-04-16
my type of hypeüíÉüèªüï∫üèº,2023-11-01,√ñl√ºr√ºm Sana,Tarkan,√ñl√ºr√ºm Sana,spotify:track:6nAgxB5x7vlGVVIoWpCwaM,,,2021-04-16
my type of hypeüíÉüèªüï∫üèº,2023-11-01,Gamzelim,Serdar Orta√ß,Yaz Yaƒümuru,spotify:track:4vh47fS1TvpVaPbs0pY38Z,,,2021-04-16
my type of hypeüíÉüèªüï∫üèº,2023-11-01,Ho≈ü G√∂r Sen,Ajda Pekkan,The Best of Ajda,spotify:track:4x9GzqK1TMEdVk1VtIiMbW,,,2021-04-16
my type of hypeüíÉüèªüï∫üèº,2023-11-01,Su Gibisin,Emre Altuƒü,Dudak Dudaƒüa,spotify:track:6GF9h2Xp4Yl8DzyXrcNgbK,,,2021-04-16
my type of hypeüíÉüèªüï∫üèº,2023-11-01,A≈ükƒ±n Ate≈üi,Hande Yener,Apayrƒ±,spotify:track:7ChKLgOTcpEJazEwkxe7yk,,,2021-04-16
my type of hypeüíÉüèªüï∫üèº,2023-11-01,Ay ƒ∞nanmƒ±yorum,A≈ükƒ±n Nur Yengi,Kara √ái√ßeƒüim,spotify:track:6WBSXuEF25lbXSNSDhQOpz,,,2021-04-16
my type of hypeüíÉüèªüï∫üèº,2023-11-01,Senden √áok Var,Rober Hatemo,Sihirli Deƒünek,spotify:track:3ywc913X84eM289aIhsNIT,,,2021-04-16
my type of hypeüíÉüèªüï∫üèº,2023-11-01,Oh Oh,Sezen Aksu,Deliveren,spotify:track:56DPK2GQgwA0ohyK0sStpS,,,2021-04-16
my type of hypeüíÉüèªüï∫üèº,2023-11-01,Ka√ßƒ±n Kurasƒ±,Sezen Aksu,D√º≈ü Bah√ßeleri,spotify:track:3Qaj6EzdVTzysN50rg2u4p,,,2021-04-16
my type of hypeüíÉüèªüï∫üèº,2023-11-01,Kuzu Kuzu,Tarkan,Karma,spotify:track:3ajYmPDtB3P7JTPQ64Dr7P,,,2021-04-16
my type of hypeüíÉüèªüï∫üèº,2023-11-01,Ne Kavgam Bitti Ne Sevdam,G√ºl≈üen,Yurtta A≈ük Cihanda A≈ük,spotify:track:5QWJgdaZ95c41wb8ZjaZ6K,,,2021-04-16
my type of hypeüíÉüèªüï∫üèº,2023-11-01,√áilek,Berksan,√áilek,spotify:track:3geKCsZiTl809rSjg4E004,,,2021-04-16
my type of hypeüíÉüèªüï∫üèº,2023-11-01,Hepsi Senin Mi?,Tarkan,Aacayipsin,spotify:track:72QQfTR5KfRJbVxaDrSmWO,,,2021-04-16
my type of hypeüíÉüèªüï∫üèº,2023-11-01,Pazara Kadar,Mustafa Sandal,Kop,spotify:track:2dWpcs4bWSEbeJI8MEh21l,,,2021-04-16
my type of hypeüíÉüèªüï∫üèº,2023-11-01,Yurtta A≈ük Cihanda A≈ük,G√ºl≈üen,Yurtta A≈ük Cihanda A≈ük,spotify:track:1SUpekAe5FF89mw62jT8Hs,,,2021-04-16
my type of hypeüíÉüèªüï∫üèº,2023-11-01,Divane,Ya≈üar,Divane,spotify:track:3V9Cf4pENsRh02WTMJ726n,,,2021-04-16
my type of hypeüíÉüèªüï∫üèº,2023-11-01,Araba,Mustafa Sandal,G√∂lgede Aynƒ±,spotify:track:3dtDQxKeWsdsFFKxrgxhxe,,,2021-04-16
my type of hypeüíÉüèªüï∫üèº,2023-11-01,Acele Etme,Hande Yener,A≈ük Kadƒ±n Ruhundan Anlamƒ±yor,spotify:track:6fZwYVoQZYlfbTmNFcizFl,,,2021-04-16
my type of hypeüíÉüèªüï∫üèº,2023-11-01,Kandƒ±rdƒ±m,Kenan Doƒüulu,3,spotify:track:0Q2r3YxZghingZAXFZXkCs,,,2021-04-16
my type of hypeüíÉüèªüï∫üèº,2023-11-01,Eline D√º≈üt√ºm,Emir,Ben Sen Olamam,spotify:track:3bMYyucLCD0U6CdZnisspZ,,,2021-04-16
my type of hypeüíÉüèªüï∫üèº,2023-11-01,Cumhuriyet,Yalƒ±n,Her ≈üey Sensin,spotify:track:5juEMXjXqG2ktKoTgvrfCl,,,2021-04-16
my type of hypeüíÉüèªüï∫üèº,2023-11-01,Haydi Gel Benimle Ol,Sezen Aksu,Sen Aƒülama,spotify:track:6KBRNsL48BmRcQzUq1oSZq,,,2021-04-16
my type of hypeüíÉüèªüï∫üèº,2023-11-01,Hasta - Mert Hakan Remix,Hande Yener,Krali√ße,spotify:track:2risRHzJzpncVWJb6zd0qi,,,2021-04-18
my type of hypeüíÉüèªüï∫üèº,2023-11-01,Kƒ±rmƒ±zƒ±,Hande Yener,A≈ük Kadƒ±n Ruhundan Anlamƒ±yor,spotify:track:2pTVNLRAfud4odx8SSO6cY,,,2021-04-29
my type of hypeüíÉüèªüï∫üèº,2023-11-01,Of Of - First Version,G√ºl≈üen,G√ºlshen 2005 √ñzel Of... Of... Alb√ºm√º Ve Remixler,spotify:track:0B9WNXvQaWkSr4AurSSqyA,,,2022-02-21
my type of hypeüíÉüèªüï∫üèº,2023-11-01,√áakkƒ±dƒ±,Kenan Doƒüulu,Festival,spotify:track:1jH3jM3CqPmZcX7gzVPLHb,,,2022-02-21
my type of hypeüíÉüèªüï∫üèº,2023-11-01,Yalanƒ±n Batsƒ±n,Hande Yener,Senden ƒ∞baret,spotify:track:0wyqLhwj5MlZeHjZqt3lq5,,,2022-02-21
my type of hypeüíÉüèªüï∫üèº,2023-11-01,Po≈üet,Serdar Orta√ß,Kara Kedi,spotify:track:3RmegrVcVzOmpugUtstJBl,,,2022-02-21
my type of hypeüíÉüèªüï∫üèº,2023-11-01,Benimle Oynama,Burak Kut,Benimle Oynama / √áƒ±lgƒ±nƒ±m,spotify:track:7KFe58J6TseJqoyvvIA52X,,,2022-02-21
my type of hypeüíÉüèªüï∫üèº,2023-11-01,G√ºl D√∂kt√ºm Yollarƒ±na,Tarkan,Aacayipsin,spotify:track:2v57dbjigdKRh7MY6ME3WB,,,2022-02-21
ak≈üam,2023-03-10,Sakƒ±n Gelme,MF√ñ,M.V.A.B,spotify:track:2V7hdkvEmtHQBkY9iCo0sg,,,2020-01-26
ak≈üam,2023-03-10,√ñyle Sarho≈ü Olsam ki,Tanju Okan,Bir Zamanlar,spotify:track:3iMBeyqsQSKjtT8G6wencW,,,2020-01-26
ak≈üam,2023-03-10,Yalnizlik Omur Boyu,MF√ñ,The Best of MF√ñ,spotify:track:4HcOFRW0dPwD0KWBmdLO1K,,,2020-01-26
ak≈üam,2023-03-10,Eksik Bir ≈ûey,Ezginin G√ºnl√ºg√º,Dargƒ±n Mƒ±yƒ±z,spotify:track:5TsWBjeEnWNxhFbc4uGs0s,,,2020-01-26
ak≈üam,2023-03-10,Kupa Kƒ±zƒ± Ve Sinek Valesi,Teoman,Teo,spotify:track:0lX83giId8IqjzbZg2tP5B,,,2020-01-26
ak≈üam,2023-03-10,G√∂n√ºl√ßelen,Teoman,G√∂n√ºl√ßelen,spotify:track:1YHuqpq9S8rLkOc8XKFA0O,,,2020-01-26
ak≈üam,2023-03-10,Mayƒ±n Tarlasƒ±,≈ûebnem Ferah,Kelimeler Yetse,spotify:track:4wRDGEeILaLOVJMaIBmAEn,,,2020-01-26
ak≈üam,2023-03-10,D√º≈üler Sokaƒüƒ±,Feridun D√ºzaƒüa√ß,Uzun Uzun,spotify:track:5jUvJC1FyQkkzFsfBNYMHo,,,2020-01-26
ak≈üam,2023-03-10,Sezenler Olmu≈ü,Yeni T√ºrk√º,≈ûimdi Ve Sonra,spotify:track:2TlLmfPznS3dWWufnwMFJG,,,2020-08-13
ak≈üam,2023-03-10,Tek Ba≈üƒ±na,Ayten Alpman,Ayten Alpman Klasikleri,spotify:track:1nUKEdSVydyPXgDZZRsqRi,,,2020-08-25
ak≈üam,2023-03-10,Ben B√∂yleyim,Ayten Alpman,Ayten Alpman Klasikleri,spotify:track:2VZ59UciMplV9V34o4vIkl,,,2020-08-25
ak≈üam,2023-03-10,S√∂zlerimi Geri Alamam,Bulutsuzluk √ñzlemi,Ya≈üamaya Mecbursun,spotify:track:2zC5HggFPtvtGm7DgKs2vQ,,,2020-09-02
ak≈üam,2023-03-10,Sevme Zamanƒ±,Oya,Seni Bana Yazmƒ±≈ülar,spotify:track:6LjVS4CiJsU2RMYdz5i34B,,,2021-04-06
ak≈üam,2023-03-10,Bir Sana Bir De Bana,Baba Zula,Baba Zula Box Set,spotify:track:0b83EVqnn2eJGjKvEuIuXt,,,2021-04-06
ak≈üam,2023-03-10,Bana Yalan S√∂ylediler,Semiramis Pekkan,Bana Yalan S√∂ylediler / Unuttu Unuttu,spotify:track:7Beeb1AZSs6YQuAeifdX0n,,,2021-08-17
ak≈üam,2023-03-10,ƒ∞lk ve Son A≈ükƒ±m Sen Olacaksƒ±n,Ayla Dikmen,Klasikler,spotify:track:6LsiR2ILbjGuoRIQlS7zyW,,,2021-08-17
ak≈üam,2023-03-10,Ta Uzak Yollardan,Nil√ºfer,Sensiz Olmaz,spotify:track:76CEXcx0OHPbq2cyiwjEHk,,,2021-08-17
ak≈üam,2023-03-10,Bir √áocuk Sevdim,Sezen Aksu,Sezen Aksu '88,spotify:track:7itO53A67K3FDQD3LHU0te,,,2021-08-17
ak≈üam,2023-03-10,Anlamazdƒ±n,Ayla Dikmen,Klasikler,spotify:track:1qwQ1P3FwFouG1zTIBkGXU,,,2021-08-17
ak≈üam,2023-03-10,Seni Kimler Aldƒ±,Sezen Aksu,G√ºl√ºmse,spotify:track:0o2xtLCzHseeiUMYMGFDcC,,,2021-08-17
ak≈üam,2023-03-10,K√∂rd√ºƒü√ºm,H√ºmeyra,H√ºmeyra,spotify:track:6xLWBX2jApQ9ldmdaEF1z2,,,2021-08-17
ak≈üam,2023-03-10,Seninle Bir Dakika,Semiha Yankƒ±,Seninle Bir Dakika / Mutlu Olmak ƒ∞stiyorsan,spotify:track:371nNwFetX7GVB7Po7Z1nu,,,2021-08-17
ak≈üam,2023-03-10,Bir G√ºnah Gibi,Ajda Pekkan,Seksenlerin En G√ºzel 4 Alb√ºm√º,spotify:track:6V7Zx4SBBZd4I6EbLZJAnq,,,2021-08-17
ak≈üam,2023-03-10,Zalim,Levent Y√ºksel,Med Cezir + Koleksiyon,spotify:track:2iD3eveJA5QiENiSgFiHbQ,,,2021-08-17
ak≈üam,2023-03-10,Ben Varƒ±m,Ayten Alpman,Ayten Alpman Klasikleri,spotify:track:0mZmqsrsMAOOvyzRWOZshn,,,2021-08-18
ak≈üam,2023-03-10,Sessiz Gemi,H√ºmeyra,H√ºmeyra,spotify:track:5QKVQAlDwBzMUiNyr2CgZg,,,2021-08-18
ak≈üam,2023-03-10,Son Arzum,Nil√ºfer,Selam S√∂yle,spotify:track:4C2BEVMCOoTRYLQdxumczm,,,2021-08-18
ak≈üam,2023-03-10,Gitme Kal Bu ≈ûehirde,Nazan √ñncel,Bir Hadise Var,spotify:track:1xCcK7652L17CIr0K2Dzts,,,2021-08-18
ak≈üam,2023-03-10,Deniz Ve Mehtap / A≈ükƒ±mƒ±z Bitti,Dario Moreno,Dario Moreno'suz 40 Yƒ±l,spotify:track:0OWUML7YpITgMyk3nNUM25,,,2021-08-18
ak≈üam,2023-03-10,Sen Benim ≈ûarkƒ±larƒ±msƒ±n,G√ºndoƒüarken,Bir Yaz Daha Bitiyor,spotify:track:522soGPCUM6FJimxFQNjsQ,,,2021-08-18
ak≈üam,2023-03-10,Sus Duymasƒ±n,H√ºmeyra,Anlatamƒ±yorum,spotify:track:1zkLnJCSTPz8BnrzfEQYKJ,,,2021-08-29
ak≈üam,2023-03-10,Yaz A≈ükƒ±m,Ege,Senden Uzak,spotify:track:61efPvxaMIQJiXFcReNb1Y,,,2021-09-05
ak≈üam,2023-03-10,K√º√ß√ºk Bir A≈ük Masalƒ±,√ñzdemir Erdoƒüan,ƒ∞kinci Bahar,spotify:track:7hIMlT6itbXyvjp7HYPzUP,,,2021-09-05
ak≈üam,2023-03-10,Tam Ortasƒ±ndayƒ±m,MF√ñ,No Problem,spotify:track:2QGJ0HZvHwKF1uyB63E1Jo,,,2021-09-05
ak≈üam,2023-03-10,Seni ƒ∞stiyorum,Sezen Aksu,Sezen Aksu '88,spotify:track:2DTHFmHNfcWSefVFnEBZCe,,,2021-09-12
ak≈üam,2023-03-10,Haykƒ±racak Nefesim Kalmasa Bile,Ajda Pekkan,"S√ºper Star, Vol.2",spotify:track:3kUJpv2Da1MTAXQwwpxC8N,,,2021-09-18
ak≈üam,2023-03-10,G√∂receksin Kendini,Nil√ºfer,Nil√ºfer LP,spotify:track:1M6FaBbr3cAjJg10DzZuah,,,2021-09-18
ak≈üam,2023-03-10,Ya Sonra,Levent Y√ºksel,Kadƒ±n ≈ûarkƒ±larƒ±,spotify:track:1PJFhfh72WUJ4TGEK6Pt8G,,,2021-09-18
ak≈üam,2023-03-10,Sus Duymasƒ±n,H√ºmeyra,Onu Bana Sakla,spotify:track:5m0Q9H9i55LF8kllkFWGSB,,,2021-09-28
ak≈üam,2023-03-10,Kadƒ±nƒ±m,Tanju Okan,Kadƒ±nƒ±m,spotify:track:3pSXNxKO7b5iPJEJHszkLf,,,2021-12-14
ak≈üam,2023-03-10,Benim Hala Umudum Var,Mazhar Alanson,Her ≈ûey √áok G√ºzel Olacak,spotify:track:0iJqIRpB1kjOtsHAxp4ieE,,,2022-02-11
ak≈üam,2023-03-10,Yalnƒ±zƒ±m Ben,Nil Burak,En ƒ∞yileriyle Nil Burak,spotify:track:7xSarKHglLLh0Kxv3raols,,,2022-02-11
ak≈üam,2023-03-10,Tutsana Ellerimi,H√ºmeyra,Benim ≈ûarkƒ±larƒ±m,spotify:track:49LQYCKJytQlY2GHQWBuga,,,2022-02-11
ak≈üam,2023-03-10,Unut Beni,Cem Karaca,"Cem Karaca'nƒ±n Apa≈ülar, Karda≈ülar, Moƒüollar, Ferdy Kleine'a Te≈üekk√ºrleriyle",spotify:track:0PHfHk7nElZ2EX7phkuTwl,,,2022-02-11
ak≈üam,2023-03-10,Bu Gece Son,Levent Y√ºksel,Med Cezir,spotify:track:669exQpqehepy1SbtWrLQJ,,,2022-02-11
ak≈üam,2023-03-10,"Her Ak≈üam ""Sarho≈ü""",Dario Moreno,Bak Bir Varmƒ±≈ü Bir Yokmu≈ü,spotify:track:2hWlS6ufQIVsGwfVW3Gn0r,,,2022-02-11
ak≈üam,2023-03-10,O G√ºnler,Selda Baƒücan,T√ºrk√ºlerimiz 1,spotify:track:2j1SnuMSiPiSS4rxvLkXtK,,,2022-02-11
ak≈üam,2023-03-10,ƒ∞spanyol Meyhanesi,Timur Sel√ßuk,D√ºnden Bug√ºne,spotify:track:5rRiNXDDMu4TNUsxPTIViv,,,2022-02-11
ak≈üam,2023-03-10,Elbet Birg√ºn Bulu≈üacaƒüƒ±z,Zeki M√ºren,D√ºnden Bug√ºne 5,spotify:track:0MAAh257gKxFrJDzfJ4gHC,,,2022-07-22
ak≈üam,2023-03-10,Seni D√º≈ü√ºnmek G√ºzel ≈ûey,Ezginin G√ºnl√ºg√º,Seni D√º≈ü√ºnmek,spotify:track:26gDuNniETchCedHe93jfR,,,2023-03-10
classicalüéπ,2022-11-06,Waltz No. 3 in A minor,Fr√©d√©ric Chopin,"Classical Spring: Bach, Beethoven, Chopin, Mozart",spotify:track:2aln7NTqGpYIUg7OpDxOJh,,,2018-07-25
classicalüéπ,2022-11-06,Moonlight Sonata 1st Movement,Ludwig van Beethoven,Beethoven's Best Piano Songs,spotify:track:6Vxk2r4MXmREjhqzCCzNeR,,,2018-07-25
classicalüéπ,2022-11-06,F√ºr Elise,Ludwig van Beethoven,Beethoven's Best Piano Songs,spotify:track:4wSxYZR5jIm7GUVxVTL2IB,,,2018-07-25
classicalüéπ,2022-11-06,Path√©tique 2nd Movement,Ludwig van Beethoven,Beethoven's Best Piano Songs,spotify:track:7Cg9SWOfEixXDxnNRv4Uqq,,,2018-07-25
classicalüéπ,2022-11-06,"Waltz in A Minor, B. 150, Op. posth.",Fr√©d√©ric Chopin,Chopin - Waltzes,spotify:track:3pO11o6KERYLtZ7Qu2cMHD,,,2018-07-25
classicalüéπ,2022-11-06,Chopin - Nocturne Op. 9 No. 2 In E Flat Major,PianoDreams,PianoDreams - Originals and Classics,spotify:track:7GDiHI4QQPPHDg5CvWrLqo,,,2018-07-25
classicalüéπ,2022-11-06,"Nocturne en Mi B√©mol Majeur, Op. 9 No. 2",Fr√©d√©ric Chopin,"Chopin: Nocturnes, Vol. 1",spotify:track:7n92QzQomRCLlciO14X0kd,,,2019-06-13
classicalüéπ,2022-11-06,"Cello Suite No. 1 in G Major, BWV 1007: I. Pr√©lude",Johann Sebastian Bach,"Bach: Cello Suites Nos. 1, 5 & 6",spotify:track:17i5jLpzndlQhbS4SrTd0B,,,2020-01-19
classicalüéπ,2022-11-06,Nocturnal Waltz,Johannes Bornl√∂f,Nocturnal Waltz,spotify:track:1cyZIM22N8kmBqdATPBmI7,,,2020-05-07
classicalüéπ,2022-11-06,Jazz Suite No.2: 6. Waltz II,Dmitri Shostakovich,Shostakovich: The Jazz Album,spotify:track:7B6ZK1XnaLeCKwlS1TUAMA,,,2020-05-08
classicalüéπ,2022-11-06,"Tchaikovsky: Swan Lake (Ballet), Op. 20, Act 2: No. 10, Sc√®ne (Moderato)",Pyotr Ilyich Tchaikovsky,Tchaikovsky: Swan Lake,spotify:track:2jjVsWQEUeZ06qSqF8xiBr,,,2020-05-08
classicalüéπ,2022-11-06,Gnossienne: No. 1,Erik Satie,Satie: Avant-derni√®res pens√©es,spotify:track:4820SC1xnUaabzzYQTDkP2,,,2020-05-08
classicalüéπ,2022-11-06,"F√ºr Elise, WoO 59",Ludwig van Beethoven,Beethoven Greatest Hits,spotify:track:1QGN2Perfetpju3762mJsk,,,2020-05-08
classicalüéπ,2022-11-06,"Nocturne in C-sharp minor, B. 49",Fr√©d√©ric Chopin,Chopin: Complete Nocturnes,spotify:track:0bcGY7mfG10QfeaDbz97hC,,,2020-05-08
classicalüéπ,2022-11-06,"Nocturne No. 2 in E-Flat Major, Op. 9 No. 2",Fr√©d√©ric Chopin,Chopin: Nocturnes,spotify:track:1VNvsvEsUpuUCbHpVop1vo,,,2020-05-08
classicalüéπ,2022-11-06,"Water Music Suite No. 1 in F Major, HWV 348: II. Adagio e staccato",George Frideric Handel,Handel: Water Music,spotify:track:7yCiB5SKKm9guqoonT9kVI,,,2020-05-08
classicalüéπ,2022-11-06,Chord Left,Agnes Obel,Aventine,spotify:track:3SelopnR6OJ9pS2NIH5RHI,,,2020-05-08
classicalüéπ,2022-11-06,Sari Galin,Farid Farjad,Anroozha Vol. 1,spotify:track:6qDGrwkgZpGFhNqo6z98iK,,,2020-05-08
classicalüéπ,2022-11-06,"Tchaikovsky: The Nutcracker, Op. 71, Act II: No. 13, Waltz of the Flowers",Pyotr Ilyich Tchaikovsky,Tchaikovsky: The Nutcracker,spotify:track:0CJuLeZpCdqrqoCMXWZw8k,,,2020-05-08
classicalüéπ,2022-11-06,Serenade,Evgeny Grinko,Ice for Aureliano Buendia (Deluxe Edition),spotify:track:7Ay6aFdi8oV1RejJC7Zd6d,,,2020-05-08
classicalüéπ,2022-11-06,La Valse d'Am√©lie - Version piano,Yann Tiersen,Amelie from Montmartre,spotify:track:6URm2kt7SV1bXWTxNQtVYR,,,2020-05-08
classicalüéπ,2022-11-06,Eternity And A Day: 2. By The Sea,Eleni Karaindrou,Eternity And A Day,spotify:track:595G0No6FI82sWWsbsQEoX,,,2020-05-08
classicalüéπ,2022-11-06,"Sonata No. 14 ""Moonlight"" in C-Sharp Minor"", Op. 27 No. 2: I. Adagio sostenuto",Ludwig van Beethoven,"Beethoven: Piano Sonatas, Vol.3",spotify:track:3DNRdudZ2SstnDCVKFdXxG,,,2020-05-08
classicalüéπ,2022-11-06,"Toccata in C Minor, BWV 911: Toccata",Johann Sebastian Bach,"Bach, Beethoven, Medtner",spotify:track:0PAE20kLAkHj0l4Eb81FnR,,,2020-05-08
classicalüéπ,2022-11-06,The Barber of Seville: Overture - Arranged for Drums,Mike Terrana,Sinfonica,spotify:track:5IqddnK9AfPtywyUIO3Vqj,,,2020-05-08
classicalüéπ,2022-11-06,Cs√°rd√°s,Vittorio Monti,Gypsic,spotify:track:6lo128WdLt7xP5Ejvsq1ym,,,2020-05-08
classicalüéπ,2022-11-06,Field,Evgeny Grinko,Silent Like Water,spotify:track:3zWfjRtvm3gFEAjqeWScEl,,,2020-05-20
classicalüéπ,2022-11-06,"La Campanella, Op. 7 - Arr. August Wilhelmj: arr. August Wilhelmj",Niccol√≤ Paganini,14,spotify:track:28smE6qFUkhfUhEvvmSdQ1,,,2021-03-14
classicalüéπ,2022-11-06,"Serenade for Strings in E Major, Op. 22, B. 52: II. Tempo di valse",Anton√≠n Dvo≈ô√°k,"Dvo≈ô√°k: Serenade for Strings, Czech Suite",spotify:track:3sAYxq1986j3ydqLv6jwUJ,,,2022-10-28
classicalüéπ,2022-11-06,Amor Eterno,Elisa Avaria,Amor Eterno,spotify:track:4uHzzAb1p6gK5unlp64Vrg,,,2022-10-29
classicalüéπ,2022-11-06,"Handel / Orch. Hale: Keyboard Suite No. 4 in D Minor, HWV 437: III. Sarabande",George Frideric Handel,Handel Sarabande,spotify:track:1upQiytDIEZfl9ItruoXuC,,,2022-10-29
classicalüéπ,2022-11-06,"Paganini: 24 Caprices, Op. 1: No. 24 in A Minor",Niccol√≤ Paganini,Paganini: 24 Caprices,spotify:track:6cC6h5E351deEGFd7Kh9uy,,,2022-10-29
classicalüéπ,2022-11-06,"Widmung, Op. 25 No. 1",Robert Schumann,Work - Schumann,spotify:track:2ml2xRwuFLv7NtDPzyssfL,,,2022-10-29
classicalüéπ,2022-11-06,Gymnop√©die No. 1,Erik Satie,Erik Satie & Friends,spotify:track:5NGtFXVpXSvwunEIGeviY3,,,2022-10-29
classicalüéπ,2022-11-06,Opening,Philip Glass,Hope Street Tunnel Blues: Music for Piano By Philip Glass and Alvin Curran,spotify:track:1QmhkjuUlosROqKk59sBSK,,,2022-10-29
classicalüéπ,2022-11-06,"Kumru Ballad, Op. 12",Fazƒ±l Say,Hayat Aƒüacƒ±,spotify:track:59YcoGBrCBaMvfkkTzhuUw,,,2022-11-06
internationalsüåç,2022-02-21,Bob Marley,Dadju,Gentleman 2.0,spotify:track:2qXmVc811574AdIdDgayRP,,,2018-07-25
internationalsüåç,2022-02-21,B√©n√©fice,MHD,B√©n√©fice,spotify:track:5rCeC0iE86X0NHTSI48xYl,,,2018-07-25
internationalsüåç,2022-02-21,Reggae,Typical F√©f√©,Reggae,spotify:track:2KefgXrzKFtBCU9JiUVUH8,,,2018-07-25
internationalsüåç,2022-02-21,Mafiosa (feat. Caroliina),Lartiste,Grandestino,spotify:track:0WxiQqTcK3ZErx2mMWgtm6,,,2018-07-25
internationalsüåç,2022-02-21,Rude Boy,Dub Inc,Diversit√©,spotify:track:1OR5HVQgKpCZn2JNIwTKmq,,,2018-07-25
internationalsüåç,2022-02-21,Pesetas,Ril√®s,Pesetas,spotify:track:0Ei1aBiIELwXmUcIZDETOi,,,2018-07-25
internationalsüåç,2022-02-21,Brothers,Ril√®s,Brothers,spotify:track:45KqDHTOJtIM53QR1gPGTa,,,2018-07-25
internationalsüåç,2022-02-21,Fais comme l'oiseau - Love Michel Fugain,Ben L'Oncle Soul,Chante la vie chante (Love Michel Fugain),spotify:track:1edNNqIi0M0VbKncaFJsF1,,,2018-12-06
internationalsüåç,2022-02-21,J'ai vu,Rom√©o Elvis,Morale 2,spotify:track:1FA2zEZrny0KWchhx8CaHt,,,2019-04-27
internationalsüåç,2022-02-21,Bella,GIMS,Subliminal (La face cach√©e),spotify:track:1vELwZM3uBYWd8HrtddD4l,,,2018-12-06
internationalsüåç,2022-02-21,Erreur 404,L'Imp√©ratrice,Matahari,spotify:track:1vP9T20M1JAuurEjYu80Bt,,,2018-12-06
internationalsüåç,2022-02-21,Dommage,Bigflo & Oli,La vraie vie,spotify:track:7sDshqjhKiysLt5gcXYoLo,,,2019-04-27
internationalsüåç,2022-02-21,La vie normale,Bigflo & Oli,La vraie vie,spotify:track:5SPUwpZUn2Glzl5M0gafQp,,,2019-04-27
internationalsüåç,2022-02-21,D√©sir √©ph√©m√®re,Pins & Dimeh,Houston,spotify:track:2KgOQolAPZ9MeR0sLK58U5,,,2019-04-27
internationalsüåç,2022-02-21,Loco,Biwa√Ø,Loco,spotify:track:6lHf3IMVHRQ0em1wbGsTGB,,,2019-04-27
internationalsüåç,2022-02-21,Ghetto,Benash,Ghetto,spotify:track:6dCFsqg5CiahSSFOdyyDgl,,,2019-04-27
internationalsüåç,2022-02-21,Trop tard,Bigflo & Oli,La vraie vie,spotify:track:4WUbYhJVQST876O0p93SnI,,,2019-04-27
internationalsüåç,2022-02-21,Sac √† dos,Bigflo & Oli,La vraie vie,spotify:track:5DiTHFfOcltcn9dpgiirzi,,,2019-04-27
internationalsüåç,2022-02-21,Madre mia (feat. Ninho),Sadek,#VVRDL,spotify:track:37YNulvDhyzULfhHycmhEl,,,2019-04-27
internationalsüåç,2022-02-21,√áa va trop vite,Bigflo & Oli,La vraie vie,spotify:track:7pKIJN5rpBkJJ7kCP75meo,,,2019-04-27
internationalsüåç,2022-02-21,Mademoiselle,Sfera Ebbasta,Mademoiselle,spotify:track:2aPnpV1hT7l3eP10uSGK6c,,,2020-05-08
internationalsüåç,2022-02-21,Monica Bellucci,RIN,Monica Bellucci,spotify:track:7vuZGOA24pLl6JrEAIvitZ,,,2020-05-08
internationalsüåç,2022-02-21,PERDONAMI,Salmo,PERDONAMI,spotify:track:7kK2m2KDEL0W8oFq6fuOcf,,,2020-05-08
internationalsüåç,2022-02-21,No Hay Pesos Para Contar,Grupo la Fuerza,¬°Y Que Nadie Se Meta!,spotify:track:1XNT83s9nyhPe5LleVCHkK,,,2022-02-11
internationalsüåç,2022-02-21,Machika,J Balvin,Machika,spotify:track:4vKltMFviBKMdhYu3FDLY0,,,2022-02-11
internationalsüåç,2022-02-21,Coraz√≥n (feat. Nego do Borel),Maluma,Coraz√≥n (feat. Nego do Borel),spotify:track:4lESS6vuruP6a79KWRaQou,,,2022-02-11
can‚Äôt stop,2020-08-13,Suga Boom Boom,Down3r,Down3r,spotify:track:56urjuqz1NIOKhhCjQhVw0,,,2018-06-22
can‚Äôt stop,2020-08-13,Hips Don't Lie (feat. Wyclef Jean),Shakira,"Oral Fixation, Vol. 2 (Expanded Edition)",spotify:track:3ZFTkvIE7kyPt6Nu3PEa7V,,,2018-06-22
can‚Äôt stop,2020-08-13,Perro Fiel (feat. Nicky Jam),Shakira,El Dorado,spotify:track:70lnL3QaSOIIyMa2X9aVRL,,,2018-06-22
can‚Äôt stop,2020-08-13,Me Enamor√©,Shakira,El Dorado,spotify:track:4qknM1pQz53QOyfDVTjcM9,,,2018-06-22
can‚Äôt stop,2020-08-13,The Same Things,Jamie Cullum,Momentum,spotify:track:7DBzJMXlSDCLJwdZq7oSyt,,,2018-10-11
can‚Äôt stop,2020-08-13,La Camisa Negra,Juanes,Mi Sangre,spotify:track:2EM9zpAc7PVeoAydmbfVIL,,,2020-05-08
can‚Äôt stop,2020-08-13,Take It Off,Kesha,Animal (Expanded Edition),spotify:track:0WCiI0ddWiu5F2kSHgfw5S,,,2020-05-08
can‚Äôt stop,2020-08-13,Candyman,Christina Aguilera,Back To Basics,spotify:track:5lUTzPuiloBHm1qEaJcJfF,,,2020-05-08
can‚Äôt stop,2020-08-13,No Lie,Sean Paul,Mad Love The Prequel,spotify:track:48QmG1dfvMuYLxMPt7KSRA,,,2020-05-08
can‚Äôt stop,2020-08-13,Locked out of Heaven,Bruno Mars,Unorthodox Jukebox,spotify:track:3w3y8KPTfNeOKPiqUTakBh,,,2020-05-08
can‚Äôt stop,2020-08-13,Hush Hush; Hush Hush / I Will Survive - Medley,The Pussycat Dolls,Hush Hush; Hush Hush,spotify:track:2H9CKpZiLDF223BbwehpDF,,,2020-05-08
can‚Äôt stop,2020-08-13,Hot N Cold,Katy Perry,One Of The Boys,spotify:track:1y4eb6hmAvsqlDOl3fx9kk,,,2020-05-08
can‚Äôt stop,2020-08-13,Rabiosa (feat. Pitbull),Shakira,Sale el Sol,spotify:track:2Xh7dyCHCErCv3PmdVEGw4,,,2020-05-08
can‚Äôt stop,2020-08-13,Hit The Road Jack,Jeff Zavac,Miami Lighthouse for the Blind Presents: Instrumental Magic,spotify:track:7sXxvOVFtMr31xj0kX9BFV,,,2020-05-08
can‚Äôt stop,2020-08-13,Just Dance,Lady Gaga,The Fame,spotify:track:1dzQoRqT5ucxXVaAhTcT0J,,,2020-05-08
can‚Äôt stop,2020-08-13,Dare (La La La),Shakira,Shakira. (Expanded Edition),spotify:track:0YoUczWJPqphLvxnTXG00N,,,2020-05-08
can‚Äôt stop,2020-08-13,Right Round,Flo Rida,R.O.O.T.S. (Route of Overcoming the Struggle),spotify:track:3GpbwCm3YxiWDvy29Uo3vP,,,2020-05-08
can‚Äôt stop,2020-08-13,Loca (feat. El Cata),Shakira,Sale el Sol,spotify:track:42k1KeBehAd83lrGt1okiC,,,2020-05-08
can‚Äôt stop,2020-08-13,Addicted to You,Shakira,Sale el Sol,spotify:track:4zy1s9GnxWsNzZp1688euA,,,2020-05-08
can‚Äôt stop,2020-08-13,Shake Senora (feat. T-Pain & Sean Paul),Pitbull,Planet Pit (Deluxe Version),spotify:track:1LomM3L6atrf79ZL7nHDp4,,,2020-05-08
can‚Äôt stop,2020-08-13,No Hay Pesos Para Contar,Grupo la Fuerza,¬°Y Que Nadie Se Meta!,spotify:track:1XNT83s9nyhPe5LleVCHkK,,,2020-05-08
can‚Äôt stop,2020-08-13,Conga,Gloria Estefan,Exitos de gloria estefan,spotify:track:4aMT5LHe8A2uIc11H8Cx2m,,,2020-05-08
canadaüá®üá¶,2020-08-13,No Long Talk,Drake,More Life,spotify:track:3GIlkmoqNZ3FC406hjYWOj,,,2018-05-27
canadaüá®üá¶,2020-08-13,Passionfruit,Drake,More Life,spotify:track:7hDc8b7IXETo14hHIHdnhd,,,2018-05-27
canadaüá®üá¶,2020-08-13,Get It Together,Drake,More Life,spotify:track:5WHVJ7MILL1r5xs8hDfJ4i,,,2018-05-27
canadaüá®üá¶,2020-08-13,Yes Indeed,Lil Baby,Harder Than Ever,spotify:track:6vN77lE9LK6HP2DewaN6HZ,,,2018-05-27
canadaüá®üá¶,2020-08-13,One Dance,Drake,Views,spotify:track:1xznGGDReH1oQq0xzbwXa3,,,2018-05-27
canadaüá®üá¶,2020-08-13,Rude Boy,Dub Inc,Diversit√©,spotify:track:1OR5HVQgKpCZn2JNIwTKmq,,,2018-05-27
canadaüá®üá¶,2020-08-13,Brothers,Ril√®s,Brothers,spotify:track:45KqDHTOJtIM53QR1gPGTa,,,2018-05-27
canadaüá®üá¶,2020-08-13,Impatient,Jeremih,Late Nights: The Album,spotify:track:5j5g3hROVcANP9A47jdd6b,,,2018-05-27
canadaüá®üá¶,2020-08-13,Love Lies (with Normani),Khalid,Love Lies (with Normani),spotify:track:45Egmo7icyopuzJN0oMEdk,,,2018-05-27
canadaüá®üá¶,2020-08-13,No Role Modelz,J. Cole,2014 Forest Hills Drive,spotify:track:62vpWI1CHwFy7tMIcSStl8,,,2018-05-27
canadaüá®üá¶,2020-08-13,Psycho (feat. Ty Dolla $ign),Post Malone,beerbongs & bentleys,spotify:track:3swc6WTsr7rl9DqQKQA55C,,,2018-05-27
canadaüá®üá¶,2020-08-13,Nice For What,Drake,Nice For What,spotify:track:1cTZMwcBJT0Ka3UJPXOeeN,,,2018-05-27
canadaüá®üá¶,2020-08-13,Bank Account,21 Savage,Issa Album,spotify:track:2fQrGHiQOvpL9UgPvtYy6G,,,2018-05-27
canadaüá®üá¶,2020-08-13,God's Plan,Drake,Scary Hours,spotify:track:6T8cJz5lAqGer9GUHGyelE,,,2018-05-27
canadaüá®üá¶,2020-08-13,Don't Tell 'Em,Jeremih,Late Nights: The Album,spotify:track:4TNbaUX5szRSr1O5ffM1mq,,,2018-05-27
canadaüá®üá¶,2020-08-13,Crank That (Soulja Boy),Soulja Boy,souljaboytellem.com,spotify:track:46qtEi9qJOXxmY0qel1wpN,,,2018-05-27
canadaüá®üá¶,2020-08-13,Black Beatles,Rae Sremmurd,SremmLife 2,spotify:track:21xJVN5wEbJogczYxfZhqR,,,2018-05-27
canadaüá®üá¶,2020-08-13,Chill Bill (feat. J. Davi$ & Spooks),Rob $tone,Chill Bill (feat. J. Davi$ & Spooks),spotify:track:5uDASfU19gDxSjW8cnCaBp,,,2018-05-27
canadaüá®üá¶,2020-08-13,Man's Not Hot,Big Shaq,Man's Not Hot,spotify:track:2nUJvBO87SkxCViQsLc9Zr,,,2018-05-27
canadaüá®üá¶,2020-08-13,Pray For Me (with Kendrick Lamar),The Weeknd,Pray For Me (with Kendrick Lamar),spotify:track:4ofvoCdXq99vpMZO4Cfp8x,,,2018-05-27
canadaüá®üá¶,2020-08-13,Gyalchester,Drake,More Life,spotify:track:2ExePm1EBdSJkr4Y4Nc50z,,,2018-05-27
canadaüá®üá¶,2020-08-13,Moonlight,XXXTENTACION,?,spotify:track:0JP9xo3adEtGSdUEISiszL,,,2018-05-27
canadaüá®üá¶,2020-08-13,Plug Walk,Rich The Kid,Plug Walk,spotify:track:0gD6lWJhbXHWNVwQziSVvl,,,2018-05-27
canadaüá®üá¶,2020-08-13,SAD!,XXXTENTACION,?,spotify:track:3ee8Jmje8o58CHK66QrVC2,,,2018-05-27
canadaüá®üá¶,2020-08-13,Rake It Up (feat. Nicki Minaj),Yo Gotti,I Still Am,spotify:track:4knL4iPxPOZjQzTUlELGSY,,,2018-05-27
canadaüá®üá¶,2020-08-13,Tiimmy Turner,Desiigner,Tiimmy Turner,spotify:track:0zMxL4BTjSqCsUtfdlcL8G,,,2018-05-27
canadaüá®üá¶,2020-08-13,Suga Boom Boom,Down3r,Down3r,spotify:track:56urjuqz1NIOKhhCjQhVw0,,,2018-06-19
canadaüá®üá¶,2020-08-13,Silence,Marshmello,Silence,spotify:track:7vGuf3Y35N4wmASOKLUVVU,,,2018-07-25
canadaüá®üá¶,2020-08-13,Young Dumb & Broke,Khalid,American Teen,spotify:track:5Z3GHaZ6ec9bsiI5BenrbY,,,2018-07-25
canadaüá®üá¶,2020-08-13,Curve (feat. The Weeknd),Gucci Mane,Mr. Davis,spotify:track:2yuyaYAELoMG4ApV5wJsWR,,,2018-07-25
canadaüá®üá¶,2020-08-13,Holdin On (feat. 24hrs),Tyga,Kyoto,spotify:track:4oHQ86BHVhp2uZb2IpGAID,,,2018-07-25
canadaüá®üá¶,2020-08-13,Call Out My Name,The Weeknd,"My Dear Melancholy,",spotify:track:1gm616Plq4ScqNi7TVkZ5N,,,2018-07-25
canadaüá®üá¶,2020-08-13,Walk It Talk It,Migos,Culture II,spotify:track:1jr1BnpXymcf2i97mTR8tJ,,,2018-07-25
canadaüá®üá¶,2020-08-13,Both (feat. Drake),Gucci Mane,The Return of East Atlanta Santa,spotify:track:5tFep7dXGd7vEJ668wTPux,,,2018-07-25
canadaüá®üá¶,2020-08-13,goosebumps,Travis Scott,Birds In The Trap Sing McKnight,spotify:track:6gBFPUFcJLzWGx4lenP6h2,,,2018-07-25
canadaüá®üá¶,2020-08-13,Psycho (feat. Ty Dolla $ign),Post Malone,Psycho (feat. Ty Dolla $ign),spotify:track:65NwOZqoXny4JxqAPlfxRF,,,2018-07-25
canadaüá®üá¶,2020-08-13,GPS (feat. French Montana),Maluma,GPS (feat. French Montana),spotify:track:3t6j6WNv2OSn6qm5Vxynub,,,2018-07-25
canadaüá®üá¶,2020-08-13,This Is America,Childish Gambino,This Is America,spotify:track:0b9oOr2ZgvyQu88wzixux9,,,2018-07-25
canadaüá®üá¶,2020-08-13,Lucid Dreams,Juice WRLD,Goodbye & Good Riddance,spotify:track:0X8DcetL926BYiPJYstJTc,,,2018-07-25
canadaüá®üá¶,2020-08-13,Mine,Bazzi,Mine,spotify:track:6tHWl8ows5JOZq9Yfaqn3M,,,2018-07-25
canadaüá®üá¶,2020-08-13,Big Shot (with Travis Scott),Kendrick Lamar,Black Panther The Album Music From And Inspired By,spotify:track:5cXg9IQS34FzLVdHhp7hu7,,,2018-07-25
canadaüá®üá¶,2020-08-13,B.I.D,Tory Lanez,MEMORIES DON'T DIE,spotify:track:6dnrppGRbt8fie18Lcd9Dd,,,2018-07-25
canadaüá®üá¶,2020-08-13,XO Tour Llif3,Lil Uzi Vert,Luv Is Rage 2,spotify:track:7GX5flRQZVHRAGd6B4TmDO,,,2018-07-25
canadaüá®üá¶,2020-08-13,Rolex,Ayo & Teo,Rolex,spotify:track:6KBOvrddbomdb9dkarvwCl,,,2018-07-25
canadaüá®üá¶,2020-08-13,Unforgettable,French Montana,Unforgettable,spotify:track:1F2HXIJrE2Xn81OzT2zZvW,,,2018-07-25
canadaüá®üá¶,2020-08-13,Magnolia,Playboi Carti,Playboi Carti,spotify:track:4gUQE7JiIwnQKde4RtKytB,,,2018-07-25
canadaüá®üá¶,2020-08-13,El Farsante - Remix,Ozuna,El Farsante (Remix),spotify:track:7uYgVgRSgqluZclLS7wpp4,,,2018-10-10
canadaüá®üá¶,2020-08-13,PERDONAMI,Salmo,PERDONAMI,spotify:track:7kK2m2KDEL0W8oFq6fuOcf,,,2018-10-10
canadaüá®üá¶,2020-08-13,Famous,Kanye West,The Life Of Pablo,spotify:track:19a3JfW8BQwqHWUMbcqSx8,,,2018-10-10
canadaüá®üá¶,2020-08-13,SWISH,Tyga,SWISH,spotify:track:55GiOwtxNajXVbpjjIzMnD,,,2018-10-10
canadaüá®üá¶,2020-08-13,Lucky You (feat. Joyner Lucas),Eminem,Kamikaze,spotify:track:60SdxE8apGAxMiRrpbmLY0,,,2018-10-10
canadaüá®üá¶,2020-08-13,Pineapple (feat. Gucci Mane & Quavo),Ty Dolla $ign,Beach House 3,spotify:track:2R7Gn3cjnPaVO0Oj8nsTDP,,,2018-10-10
canadaüá®üá¶,2020-08-13,Wait For A Minute,Tyga,Wait For A Minute,spotify:track:1AcJJerSHcXCnevx9oSoWe,,,2018-10-10
canadaüá®üá¶,2020-08-13,WAKE UP,Travis Scott,ASTROWORLD,spotify:track:20MuVazoNMv6xjKPnRFOxG,,,2018-10-10
canadaüá®üá¶,2020-08-13,G.O.M.D.,J. Cole,2014 Forest Hills Drive,spotify:track:16qYlQ6koFxYVbiJbGHblz,,,2018-10-10
canadaüá®üá¶,2020-08-13,rockstar (feat. 21 Savage),Post Malone,beerbongs & bentleys,spotify:track:0e7ipj03S05BNilyu5bRzt,,,2018-10-10
canadaüá®üá¶,2020-08-13,Falling Down - Bonus Track,Lil Peep,Falling Down,spotify:track:0Dn40gxVCMo5TkgS8Ik18Q,,,2018-10-10
canadaüá®üá¶,2020-08-13,Monica Bellucci,RIN,Monica Bellucci,spotify:track:7vuZGOA24pLl6JrEAIvitZ,,,2018-10-10
canadaüá®üá¶,2020-08-13,I Love It (& Lil Pump),Kanye West,I Love It,spotify:track:4S8d14HvHb70ImctNgVzQQ,,,2018-10-18
canadaüá®üá¶,2020-08-13,All The Stars (with SZA),Kendrick Lamar,Black Panther The Album Music From And Inspired By,spotify:track:2Imq77E6CEJR5TPUxlJvTY,,,2018-12-06
canadaüá®üá¶,2020-08-13,Suncity (feat. Empress Of),Khalid,Suncity,spotify:track:4AhSkRYioEIfGvCV19peYN,,,2018-12-06
canadaüá®üá¶,2020-08-13,Better,Khalid,Better,spotify:track:4T3fNx3CgwDRRYgmFCbD4J,,,2018-10-18
canadaüá®üá¶,2020-08-13,Sick Boy,The Chainsmokers,Sick Boy...This Feeling,spotify:track:2SxsI73qXm0rJ89Kp5JnpT,,,2018-12-06
canadaüá®üá¶,2020-08-13,Follow God,Kanye West,JESUS IS KING,spotify:track:2QpGZOhTCHHiKmpSO9FW4h,,,2019-11-06
morning‚òïÔ∏è,2022-08-01,Riptide,Vance Joy,Dream Your Life Away,spotify:track:7yq4Qj7cqayVTp3FF9CWbm,,,2018-04-28
morning‚òïÔ∏è,2022-08-01,Budapest,George Ezra,Wanted on Voyage,spotify:track:7GJClzimvMSghjcrKxuf1M,,,2018-04-28
morning‚òïÔ∏è,2022-08-01,Bella Luna,Jason Mraz,Mr. A-Z,spotify:track:01pgHbtziFmLnaIdTbz3FK,,,2018-04-28
morning‚òïÔ∏è,2022-08-01,Bella ciao,"Interpreti dello spettacolo ""Bella Ciao""",Piet√† l'√® morta - Canti della resistenza italiana 1,spotify:track:0UUhJ7DGne1u6gyy4SpTDO,,,2018-04-28
morning‚òïÔ∏è,2022-08-01,Ophelia,The Lumineers,Cleopatra,spotify:track:7bTwYGhBdSQ8vuXc76Xint,,,2018-04-28
morning‚òïÔ∏è,2022-08-01,Take Me To Church,Hozier,Hozier,spotify:track:0IqKeD8ZSP72KbGYyzEcAs,,,2018-04-28
morning‚òïÔ∏è,2022-08-01,Rather Be,Jasmine Thompson,Another Bundle of Tantrums,spotify:track:0osBWMCpbGSGj5FVDzCTvy,,,2018-04-28
morning‚òïÔ∏è,2022-08-01,When I Was Your Man,Bruno Mars,Unorthodox Jukebox,spotify:track:0nJW01T7XtvILxQgC5J7Wh,,,2018-04-29
morning‚òïÔ∏è,2022-08-01,Rehab,Amy Winehouse,Frank & Back To Black,spotify:track:1bGQ57jxWpqBWMMw1X9ni7,,,2018-04-29
morning‚òïÔ∏è,2022-08-01,Rain,The Script,Freedom Child,spotify:track:2QWP8NYYplOqEFBYGCcq0S,,,2018-07-25
morning‚òïÔ∏è,2022-08-01,Human,Rag'n'Bone Man,Human (Deluxe),spotify:track:58zsLZPvfflaiIbNWoA22O,,,2018-07-25
morning‚òïÔ∏è,2022-08-01,Stay With Me,Sam Smith,In The Lonely Hour,spotify:track:2whoe0pPKh4JRn6eWSIqTV,,,2018-07-25
morning‚òïÔ∏è,2022-08-01,Body - Late Nite Version,Loud Luxury,Body,spotify:track:21co5zlBpH31QEEphGb0Rb,,,2018-07-25
morning‚òïÔ∏è,2022-08-01,You Will Never Know,Imany,The Shape of a Broken Heart,spotify:track:2u5El6OzYZDwVM4hq0QJUa,,,2018-07-25
morning‚òïÔ∏è,2022-08-01,Don't Be so Shy (Work in Progress),Imany,Sous les jupes des filles (Bande originale du film),spotify:track:2ereZDAfd4dyKIjwIQSKO4,,,2018-07-25
morning‚òïÔ∏è,2022-08-01,Let Me Down Slowly,Alec Benjamin,Let Me Down Slowly,spotify:track:2uaiyLKnYvazyfR0Ky3Kbk,,,2018-07-25
morning‚òïÔ∏è,2022-08-01,Save Me,Kadebostany,Monumental,spotify:track:3EjC6cehA4UQXuevFaZSkB,,,2018-07-25
morning‚òïÔ∏è,2022-08-01,Four Seasons In One Day,Crowded House,Woodface,spotify:track:7sDHD9tCtnPqGNTRHy0kSR,,,2018-07-25
morning‚òïÔ∏è,2022-08-01,I'll Fight,Wilco,Wilco (The Album),spotify:track:1a4J4Oc2f2aQ8v75x5Izdx,,,2018-07-25
morning‚òïÔ∏è,2022-08-01,Castle In The Snow,The Avener,The Wanderings Of The Avener,spotify:track:2e1WR9PYEAyuu9k5hNHHI1,,,2018-07-25
morning‚òïÔ∏è,2022-08-01,Capital Letters,Hailee Steinfeld,Fifty Shades Freed,spotify:track:6l0Ky2PycJV1Bz88kFeVGL,,,2018-07-25
morning‚òïÔ∏è,2022-08-01,The Same Things,Jamie Cullum,Momentum,spotify:track:7DBzJMXlSDCLJwdZq7oSyt,,,2018-10-11
morning‚òïÔ∏è,2022-08-01,Fear Nothing,Selah Sue,Reason,spotify:track:40AoYTi09iWcmV6Yg7VQHQ,,,2018-10-11
morning‚òïÔ∏è,2022-08-01,We Can,James Morrison,Higher Than Here,spotify:track:7oPP58YGFX5pR3iv07K819,,,2018-10-11
morning‚òïÔ∏è,2022-08-01,Save Your Soul,Jamie Cullum,Momentum,spotify:track:1yTERoBhsybgCD50sVduiL,,,2018-10-11
morning‚òïÔ∏è,2022-08-01,Fais comme l'oiseau - Love Michel Fugain,Ben L'Oncle Soul,Chante la vie chante (Love Michel Fugain),spotify:track:1edNNqIi0M0VbKncaFJsF1,,,2018-10-11
morning‚òïÔ∏è,2022-08-01,Phantoms and Friends,Old Man Canyon,Phantoms & Friends,spotify:track:71gR0M399Zl2VGcxpm68dd,,,2018-12-06
morning‚òïÔ∏è,2022-08-01,Why'd You Only Call Me When You're High?,Arctic Monkeys,AM,spotify:track:086myS9r57YsLbJpU0TgK9,,,2018-12-06
morning‚òïÔ∏è,2022-08-01,Drop The Game,Flume,"TheSoundYouNeed, Vol. 1",spotify:track:765sQC7Bazh6ZeuWiB4vVK,,,2018-12-06
morning‚òïÔ∏è,2022-08-01,Jocelyn Flores,XXXTENTACION,17,spotify:track:7m9OqQk4RVRkw9JJdeAw96,,,2018-12-06
morning‚òïÔ∏è,2022-08-01,Early Morning Dreams - Mahmut Orhan Remix,Kadebostany,Early Morning Dreams,spotify:track:72XV96u0kpepDALjRPVkyC,,,2018-12-06
morning‚òïÔ∏è,2022-08-01,Snow (Hey Oh),Red Hot Chili Peppers,Stadium Arcadium,spotify:track:2aibwv5hGXSgw7Yru8IYTO,,,2018-12-06
morning‚òïÔ∏è,2022-08-01,Under the Bridge,Red Hot Chili Peppers,Blood Sugar Sex Magik,spotify:track:3d9DChrdc6BOeFsbrZ3Is0,,,2018-12-06
morning‚òïÔ∏è,2022-08-01,Ederlezi,Barcelona Gipsy Klezmer Orchestra,Imbarca,spotify:track:2lAGG4iF7XsuqsG059t27S,,,2018-12-06
morning‚òïÔ∏è,2022-08-01,Californication,Red Hot Chili Peppers,Californication,spotify:track:48UPSzbZjgc449aqz8bxox,,,2018-12-06
morning‚òïÔ∏è,2022-08-01,Preacherman,Melody Gardot,Currency Of Man,spotify:track:7sKHpszyRFBIAT378e6Tkr,,,2018-12-06
morning‚òïÔ∏è,2022-08-01,I Try,Macy Gray,On How Life Is,spotify:track:5TAf4lnZCZTLlZHNZMLFLi,,,2018-12-06
morning‚òïÔ∏è,2022-08-01,Man with a Plan,SATV Music,Soul of a Man II,spotify:track:0aTfC7JhqM1AgF1vSyA5E6,,,2018-12-07
morning‚òïÔ∏è,2022-08-01,Princes,Oscar and the Wolf,Entity,spotify:track:1Tbr6HCbY3p4qZDKM5x6VR,,,2018-12-07
morning‚òïÔ∏è,2022-08-01,Karma Police,Radiohead,OK Computer,spotify:track:3SVAN3BRByDmHOhKyIDxfC,,,2018-12-07
morning‚òïÔ∏è,2022-08-01,Under the Moon,Claptone,Under the Moon,spotify:track:1kM8RfLWwvuImLZxiEeeE7,,,2018-12-07
morning‚òïÔ∏è,2022-08-01,Melt,Chet Faker,Built on Glass,spotify:track:7F9NJCMko9LLUrHxBS2Spb,,,2018-12-07
morning‚òïÔ∏è,2022-08-01,Can't Get You out of My Head,Kylie Minogue,Fever,spotify:track:3E7ZwUMJFqpsDOJzEkBrQ7,,,2018-12-07
morning‚òïÔ∏è,2022-08-01,Grey Monday,Imany,The Shape of a Broken Heart,spotify:track:0SqMOWwQDglFLkQBw5yIhh,,,2018-12-07
morning‚òïÔ∏è,2022-08-01,One More Cup Of Coffee,Frazey Ford,Obadiah,spotify:track:3MmhjQnf0BijrCrjftw8Ai,,,2018-12-09
morning‚òïÔ∏è,2022-08-01,The Good the Bad & the Crazy,Imany,Sous les jupes des filles (Original Motion Picture Soundtrack) [Bonus Track Version],spotify:track:4hOujtNIC6dWEPbnIUJBvH,,,2018-12-09
morning‚òïÔ∏è,2022-08-01,Fluorescent Adolescent,Arctic Monkeys,Favourite Worst Nightmare,spotify:track:2x8evxqUlF0eRabbW2JBJd,,,2018-12-09
morning‚òïÔ∏è,2022-08-01,Snap Out Of It,Arctic Monkeys,AM,spotify:track:0NdTUS4UiNYCNn5FgVqKQY,,,2018-12-09
morning‚òïÔ∏è,2022-08-01,I Wanna Be Yours,Arctic Monkeys,AM,spotify:track:5XeFesFbtLpXzIVDNQP22n,,,2018-12-09
morning‚òïÔ∏è,2022-08-01,In Your Eyes,Kiss & Drive,My Mood Changes,spotify:track:2AlZrWVyfUYyebh8mQjU24,,,2019-04-27
morning‚òïÔ∏è,2022-08-01,Drunk in the Morning,Lukas Graham,Lukas Graham,spotify:track:3xi7d2yGx09UKMAAr7A3az,,,2020-05-08
morning‚òïÔ∏è,2022-08-01,No habr√° nadie en el mundo,Buika,Ni√±a de fuego,spotify:track:0MTWY6gyLmeEHyYJGqM5hU,,,2020-05-27
morning‚òïÔ∏è,2022-08-01,Sandman,Kirsty McGee,The Kansas Sessions,spotify:track:4VvEE4odpxhnZwf4oLcoyJ,,,2020-05-27
morning‚òïÔ∏è,2022-08-01,Everything I Am Is Yours,Villagers,Darling Arithmetic,spotify:track:281ioxkZbJ3p9hCvjD2bon,,,2022-08-01
